PosteriorBulb,AnteriorBulb,SidesOfTip,Tip,i410_1_prePM7,i410_1_pm7,i410_1_pm6,i410_1_pm5,i410_1_pm4,i410_1_pm3,i410_1_postPM3,i410_1_medialAxis,i410_1_pharynx,unreg_error_prePM7,unreg_error_pm7,unreg_error_pm6,unreg_error_pm5,unreg_error_pm4,unreg_error_pm3,unreg_error_postPM3,unreg_error_medialAxis,unreg_error_pharynx,reg_error_prePM7,reg_error_pm7,reg_error_pm6,reg_error_pm5,reg_error_pm4,reg_error_pm3,reg_error_postPM3,reg_error_medialAxis,reg_error_pharynx,unreg_error_single_mid_prePM7,unreg_error_single_mid_pm7,unreg_error_single_mid_pm6,unreg_error_single_mid_pm5,unreg_error_single_mid_pm4,unreg_error_single_mid_pm3,unreg_error_single_mid_postPM3,unreg_error_single_mid_medialAxis,unreg_error_single_mid_pharynx,reg_error_single_mid_prePM7,reg_error_single_mid_pm7,reg_error_single_mid_pm6,reg_error_single_mid_pm5,reg_error_single_mid_pm4,reg_error_single_mid_pm3,reg_error_single_mid_postPM3,reg_error_single_mid_medialAxis,reg_error_single_mid_pharynx,midline_dist_prePM7,midline_dist_pm7,midline_dist_pm6,midline_dist_pm5,midline_dist_pm4,midline_dist_pm3,midline_dist_postPM3,midline_dist_medialAxis,midline_dist_pharynx
1,1,1,1,5185.89539879099,10704.4948120836,7055.85616295047,4113.50156259092,8797.78524727077,7309.05982959912,3747.69501431376,6566.59035877144,6375.25372890718,22.998572171531,2.31425391058448,56.1696160276548,-83.0079789406861,27.2505489602812,-1.86596932206252,-38.4101052663384,-20.9018531694017,-18.7116693193398,25.7311321222315,-17.505150396834,7.44363923742323,-81.5086183897479,26.7774497061188,-6.18154496344287,-19.1819694673871,-28.4448819415858,-25.791099096234,-115.291746917801,-27.8367696993716,61.1486901460419,-23.1200902264905,23.1887669580337,19.4978296067773,-66.7548380075403,-6.58651139529718,-8.84420414144064,-13.3641344198279,-72.6137594966124,22.6976726561044,-22.1140320722946,23.1668430773142,17.2432780610997,-48.6040628059726,-7.49576010712857,-9.12865876573886,0.155807289136129,0.139795029693708,0.0757086455889833,0.154539316169403,0.067368843806799,0.291686876989459,0.307863390679069,0.182982880462766,0.185397665803821
0,0,0,0,5212.89567169044,10619.2556341829,6888.9225862065,4179.53137848153,8724.49918329376,7241.88177444016,3768.20303770879,6544.57528671791,6356.26110087888,84.0154483675458,86.0764734594142,35.4193845769439,75.8872422387092,128.465223051924,28.6846954136976,3.53449188707805,62.2967526336228,62.7872589251462,77.0612791571107,53.4418544577444,9.20958626554027,65.8606945051226,111.425750587889,28.9152781724603,41.5392890245523,52.0844510284989,53.341757447788,88.5007603092254,89.0621509837414,59.9365647480403,67.8756813788102,130.762734226789,23.1380805536663,-13.4345170887195,61.4464397106167,61.2166038643362,77.2353444714543,55.1396044660436,30.2857475610958,57.1909398393813,114.240550659088,27.5419723277381,34.8178952186126,51.7978322102795,52.5614706304081,0.0873374402895481,0.0520574903931737,0.052414177731135,0.0374508348885876,0.0123612260986446,0.0535797728429251,0.276606428488152,0.0546510180555015,0.0630805979214485
1,1,0,1,5083.86764814052,10365.3706139774,6757.4618098225,4077.68007659995,8532.05784773695,7177.9058397739,3679.98328159257,6431.09686103862,6243.65224739938,-218.810173895865,-11.7522383414346,-18.3779232425914,-28.3358630176677,-119.817967047483,-42.4206784853341,-59.3723515138802,-51.3914083423944,-53.7795463487588,-109.598230303456,-55.7089229268282,-21.4323996539946,-38.7893814753288,-131.175408527544,-46.4263555808173,-81.8808087701058,-56.8266519496763,-58.4830866799997,-68.1677890785472,-85.9141632028399,-57.8716786093506,-14.252196784559,-124.891975564991,-42.302825393958,-41.2124176540309,-47.423910589424,-47.2615901503504,-75.3780273077321,-80.6248249645133,-45.5478291459471,-25.5778984945709,-139.2990564106,-52.6767374940831,-75.104687071002,-59.5502379164586,-59.0376736553797,0.276193537227328,0.159029883459325,0.0940027684987145,0.0644596560953075,0.0586848046529165,0.0646571002839087,0.07983141041141,0.0832450344582243,0.0882609074485731
1,0,0,1,5232.6329710103,10395.9278624901,6763.12465711503,4082.1116770814,8534.81928793203,7186.85945500797,3727.4803461677,6450.00565985924,6265.39868894263,-12.3733197243336,-111.996792432848,-68.2682450113252,-49.2053019764816,-134.757153050874,-75.3322021312008,-43.5291882773999,-69.431887172011,-64.9301223757797,-62.7775625820599,-117.883525285355,-104.660831035542,-46.0792550427826,-122.550723614093,-70.2208269694723,-61.8614085400402,-73.1130674963825,-70.0332408987221,-141.842463388688,5.69172562288103,-53.5732791727992,-59.4112754492423,-85.3810925260257,-74.9652795822263,-18.7449234351479,-61.4198676831184,-59.2661899521208,-72.5088404221699,-43.2887419115744,-88.7969791876323,-53.2349120465668,-65.7342116615052,-63.0186619966634,-46.3660139255465,-55.8239664627587,-54.9463852353769,0.436686109181064,0.188324244831919,0.0860274755969491,0.0728198656027198,0.110511872498486,0.0341488378558083,0.240731824092218,0.101628593924381,0.115040907263079
0,0,0,0,5138.12411749532,10422.1799830862,6770.37188443259,4071.89406240936,8650.79858057306,7215.1543848838,3769.89263968537,6465.21413969308,6277.78952134492,-26.943245511978,101.328080074434,58.9710791280897,-36.0633823778452,14.2266881694759,14.3310315107334,-24.1712862420323,5.86147769208913,3.79361381789718,22.8599923948295,63.4512876623686,23.1378962319079,-32.0181637625504,25.4493839601443,18.4938682644661,-26.3540522074488,10.0194106933985,8.2961353611451,-37.0123608862581,68.7265134360363,29.3829049338252,-10.5114316197406,18.1517844730286,5.07121531520501,-79.6718317371012,0.971614340706784,-1.31424389830075,11.625212429523,36.9458081310782,4.34799940676876,-8.47752245521775,25.4806479750305,23.2582598028898,-31.3977540904101,11.9392703018734,10.3635578904354,0.0761660362522558,0.0960736061194603,0.0953817970814002,0.0880995044661004,0.0970230872505786,0.118146217491073,0.244341471130297,0.106840552777421,0.110700947617123
0,0,0,0,5266.59452014703,10317.7318025481,6679.18753445101,4069.62253064501,8574.44940662154,7155.58611115005,3769.20578435824,6435.22953043519,6250.37667688208,-45.4832994021216,-10.4336451673258,30.4247115584069,-16.6295090312036,-43.6862711416497,-22.1335479899529,81.3171273687778,-10.6328043976766,-8.38277880600609,-37.7944047397705,-36.9836693393531,-7.56581718092029,-12.9700510300428,-38.5878416095567,-39.388196161932,14.9757352036644,-22.8445665744886,-21.2500235393003,-49.0507047997291,-11.9516486218818,25.6240805958583,-21.0169582168163,-54.9650306284562,-42.5636980026292,-7.70321070744732,-25.3111747766227,-23.7741742796471,-47.8888474038961,-43.3156438664175,-16.8636013287987,-21.9271762345033,-56.6762173008735,-42.6466960905336,0.151608345996434,-32.8483121563893,-31.1478971474106,0.064745914250663,0.065143709168555,0.0735088155965236,0.0953242179759589,0.0931999240592928,0.170551158738088,0.231450341710048,0.119938811022351,0.122016027769813
0,0,0,0,5315.46751544472,10280.9206152219,6717.91488513052,4061.45179245003,8639.64384900339,7203.84581526884,3710.62046842084,6453.74985520937,6267.9566856534,50.6996815010551,-51.6333742547782,28.4011380962614,-26.8770057882559,-8.76346671781418,18.4635013216659,63.9955563372125,6.76890667668956,8.951844116005,-9.87636062533617,-26.6727931786031,16.115694731889,-24.5168971548396,-10.0660655087133,-7.9039900583589,-4.3858495437849,-8.99678190458759,-8.01569500873816,101.405983469752,-68.7775466411736,22.4296690850165,5.56886113463063,0.050936070077114,22.6208676250183,16.8808378937003,16.5606429812202,17.91381973981,13.976151000806,-16.8727972400914,32.1729441393612,7.45361804233028,-2.70369307989403,10.0171424301721,-5.84259835596594,9.22683457202465,9.72147161150076,0.0374440946703149,0.0324558814704024,0.0462215519053497,0.102280846046854,0.0177653278757416,0.0434234953574231,0.117269417240053,0.0588969082281348,0.0606375491174705
0,0,0,0,5204.56569714155,10394.6379951684,6712.86284092957,4078.9700998119,8628.43260164655,7178.43090455818,3692.13626048621,6448.47548925813,6261.21376383749,-3.3558601465954,131.745927091548,12.5907104061606,-1.14814091343395,49.1612078289188,38.6742021432181,-0.230713279367516,31.5851369007358,30.8097837729641,35.0308473180664,123.324053684473,15.9072927452693,3.71839216256889,54.0373959599533,45.3217727695472,7.06372372357062,38.753814735402,37.6119422853487,-120.851661927428,199.08194398314,54.6568900484879,7.06979900544813,28.3562492673546,37.05825597487,3.10851559949159,32.7633472083452,29.648143999315,4.89705779595982,144.692635737182,37.4425951239486,13.1779133649306,38.0794464704357,46.3088186969243,1.20735017921322,42.6555318860925,39.1982145406749,0.0582303159662476,0.0705638039809989,0.0662601206895725,0.0425086664345015,0.0388299948670439,0.092883660801517,0.0992668560156165,0.0658614855225891,0.0665091280704698
0,0,0,0,5259.02919189221,10269.6933972895,6619.50900187404,4032.93881109856,8547.11088345892,7092.72474093499,3758.02076199305,6388.73029686923,6208.25290108791,-47.2938900879177,27.4992913043809,5.02126994926812,-34.3417314282652,-66.5152360734786,-24.7445950582199,19.3802621759576,-22.6926576227218,-21.1311809668377,-11.0301257010636,-3.02811646914371,-22.7379706869216,-22.0332142947444,-63.0329194059463,-34.3803739733581,-4.55967489623453,-25.0530212844709,-23.546489479595,-70.6426890284108,-0.604094397543771,-15.1860000085138,-30.5838993406701,-54.1288821574419,-15.3787882367275,-8.12562026651244,-23.9209249473482,-22.8985746170134,-23.848812313037,-31.1418173071935,-38.3664079770437,-19.0599988170748,-53.0552540086045,-21.178153843373,-11.4336136876654,-23.6267000802897,-22.3110246351179,0.0612202905957582,0.0860081374887033,0.0998388752570615,0.0835225619453501,0.107246088692325,0.164092751356162,0.149384211782508,0.111723658725758,0.112320739893378
0,0,0,0,5320.72922453969,10350.1521738052,6679.26793699995,4081.06341209114,8670.41176413505,7182.45765985511,3766.15550107663,6454.94316580614,6269.92813254931,97.3150552048553,21.3673353016766,15.950745527345,22.2861260556784,28.0926552375533,27.2970991470679,13.7125390363724,21.305063592723,22.471603270607,74.1124602345864,33.1481183990143,33.1076859688936,10.1899738468567,11.8673797116683,24.9627783848602,24.6368674814656,15.8666547559233,17.5769222716022,72.5331356524159,-47.9780680023897,-37.0534501686891,21.4027421803445,28.717032684959,23.8941483817944,-16.8023642653469,9.95471328725779,9.62120112767725,44.5808801889978,-35.7477512656738,-21.280572470757,5.09428587276935,5.91191416791197,18.0649035504882,-5.57149670482677,0.226148937902002,0.9011744895048,0.0654659827510828,0.112379050087885,0.128306020973674,0.0639345434181056,0.0618878255904588,0.0632453733807589,0.0891776200778229,0.0735173137862018,0.0742237681016617
3,2,0,1,5098.5969949698,10192.9561355297,6700.27745262396,4040.38597476518,8714.91449299797,7206.8370785266,3745.72141058925,6427.85263303169,6244.15081696102,175.100651105452,209.116969544663,-1.6280128495074,41.6794712368587,64.1620499816532,25.6618969145777,41.767202641813,63.3411598194472,59.918788903685,11.6118923131193,270.482237170875,82.5107311303346,8.46057782202869,-64.6738337547303,5.04734016073656,-42.5364944803147,20.3450468821227,16.7682073829132,205.706918581909,206.900897826416,-40.2889196322525,46.5459208080238,62.9584598591262,34.7835643386909,70.2229765207359,71.8177971274968,67.8645741572921,10.743766723855,276.731035467789,52.0879009674484,13.254524944276,-63.0774507142252,5.10286539569073,-37.1552367287052,23.8440266750166,19.571317601394,0.504753197980705,0.457728139778486,0.412825321610577,0.320374715267534,0.3340258169316,0.174319400252463,0.234557056720839,0.304808859044203,0.307150579279858
3,3,2,2,5028.13633613468,10335.4393544859,6660.9016804637,4038.39750788759,8585.06561479954,7165.94618567922,3862.76460157775,6407.04406706119,6225.23474988025,24.1179403515803,-73.7456183159134,-27.8971902665314,-17.0357385145792,-12.8314081264984,7.65118900764246,123.974536039833,-4.80113345140788,-1.36518943644276,16.3515919441763,-20.145036633103,20.1617394801238,-7.86655719793426,6.99740192579672,-36.4561069687078,16.5834233271589,-11.2370318599686,-9.17587729351367,-100.622001673993,-16.4105099306935,-15.4113481592241,-17.919294650287,-39.6466177632068,5.42395506850571,115.38818823251,-11.2974122551859,-10.0042936673961,-24.8774190797531,-11.6455159461924,7.45272154014669,-8.32197354959339,-18.6735879067681,-40.8330165399748,5.86816713313639,-17.6778744049121,-17.4388484441046,0.218052361095697,0.194222226475718,0.185838067437739,0.208601020639746,0.240519383636414,0.243984850064346,0.231844896292485,0.221373222319395,0.221797901146206
0,0,1,0,5093.18393417847,10468.74165279,6803.79174818016,4051.5615960214,8752.90824528827,7266.42475783238,3727.09135155778,6477.82896967407,6291.54494863839,-16.9206490823684,10.382911657327,-14.9770867762388,-34.5104864311748,-11.5297073106444,-48.9438898715235,-78.82363615811,-26.3032348417609,-26.0213590542418,-0.872168887641391,-48.7820529398873,-70.5178203939587,-44.2288690526406,-35.2610566908333,-51.6168168362901,-64.1532626396585,-42.222210511681,-41.107884212725,-25.2417846660198,-10.6364178404323,3.07768203842943,4.4309879907471,-33.0076762153584,-45.6024127564531,-69.8752317854714,-18.4253307577615,-18.7802755351362,2.10799352006,-63.8716484332461,-38.7960999914332,-3.03776056450626,-51.9512896899537,-47.6386193758399,-58.7685920312478,-30.0592016326602,-29.5997109786883,0.0934247129614426,0.0700050601751292,0.0687507810664192,0.141866204081576,0.0390248636478946,0.0422189087605385,0.0890038546538555,0.0797262764751748,0.0809446431741635
0,0,0,0,5163.1096578291,10338.5316070253,6711.95693315682,4043.36019107993,8682.37047512365,7308.60424677259,3754.33746112326,6465.22800693845,6280.41964192478,9.23134738270983,95.6052846111944,121.259358827336,46.221590807219,103.046650868411,66.225995243744,32.4191786382579,69.6159508936269,65.9600263612736,60.1646880789685,96.1010638111515,147.868035285267,51.396462533353,104.102004604581,71.5801706912472,68.7013460390374,81.6586160675751,78.5784164165964,116.128513114331,-7.45342428966939,58.4805299159082,33.6185249365311,86.9416552461666,64.4022454232269,-7.06286029803944,53.2204541269746,52.0448996537014,65.4718027573464,33.986605024478,101.164962783318,33.8302774233725,75.9286518923895,67.8707951764252,52.4519226709192,59.5195944768972,59.0092631699683,0.22504683016168,0.188715455125676,0.123055313447977,0.097082264088905,0.0643354440901646,0.0827429625809255,0.144194710102626,0.107214075780637,0.110430633347843
2,2,0,2,5036.88130290902,10429.0766814878,6802.07449004636,4026.75922985704,8595.32761802783,7216.05735383768,3803.08353778276,6437.24032958151,6252.3829891386,-131.813045591803,57.7941226814195,137.994328301332,-0.0491368721559936,53.6728580511796,69.5262975317291,49.3090872248103,35.4792452515395,35.6487739018009,14.5434776654631,-29.3116412380064,92.0049732736076,0.546115670458605,52.1281462914841,51.6139089846924,13.9947742820548,29.1201584985294,29.3980730734139,-126.006808171521,69.0468460496789,157.553211885882,-5.64106040532577,85.50973937595,59.9851515775264,33.9455264158569,38.2339232982044,37.7430125091525,18.3174233231405,-18.4723827794919,109.693194674523,-6.33780678093472,84.0448754752469,47.0749173244273,7.84990081546057,32.5084060929885,32.2704482430703,0.195107074166381,0.166973166796018,0.161553069582008,0.167905472717885,0.174113182000231,0.127608180664747,0.123757499407169,0.15526607161674,0.155435916494279
1,1,1,1,5117.66016015197,10331.1904998992,6714.66681177338,4037.70774807769,8488.97242797052,7148.99964140765,3725.55889663793,6392.60020046158,6209.48315400784,-87.5977887057487,1.8881169025061,19.7395309652358,0.377733285984102,-104.354529336102,-57.5286088443211,40.7106621157819,-26.4736959043712,-26.3129590375234,-19.3251205660639,-7.41364406090398,15.5637296111692,3.28607107588558,-87.465250091733,-54.8432025179389,5.87007603686435,-20.1743569358597,-20.5420400043246,40.7943697970384,-81.9360300050894,-31.29042554008,-9.5510081836568,-104.681947454647,-79.382588387896,-4.36829078343885,-42.3325050678433,-39.5107179370114,-8.57628401618599,-51.4501511728303,-31.1806722812859,-9.9283601395366,-96.0584380955166,-76.1781782108913,-8.99188907010322,-42.7790797956935,-40.1689540221811,0.220065608979334,0.124769112385645,0.0783414867905261,0.0317842368522891,0.0206277631126581,0.223986174148646,0.219476459514048,0.117271773024788,0.122658489502871
2,0,3,1,5229.48454707939,10267.7518128694,6698.61016783638,4021.42936733667,8520.07379358994,7266.36054603486,3585.72595629765,6410.56029739292,6225.26364050305,70.1171070462199,-31.9098968343725,-43.2511255870895,-12.8730440527958,-56.7947087177827,17.3779191481967,-81.2904639654247,-13.8023224778321,-15.1640817926269,-0.46381994864104,8.92183303101588,-45.0305885978079,-8.45265006232767,-37.1249543042236,51.5345641869069,-19.2327590668851,3.04163573698729,1.4231774945605,-68.3170557806063,44.7671181572585,9.18829180301202,-11.7653628646741,-22.7220627844853,12.6202396552212,-105.909899736179,-10.9927505045568,-15.1141125795381,-16.7161712397672,32.324714354126,-2.24566226740706,-4.61700159601511,2.73676088585003,56.7461411009485,-10.9120551736605,16.0890697905338,12.5975952072946,0.363650870062061,0.218387006218836,0.12248259824613,0.113854965600365,0.128798730781677,0.213146036629054,0.22079092694865,0.173991279699639,0.17924950799939
0,0,0,0,5099.14731461797,10246.5332339856,6670.90595379921,4047.95690940953,8560.58877613981,7175.6861536461,3708.76451105441,6397.49454833485,6214.68065501019,22.7005400153796,-150.636312529824,-73.3420316775737,18.792090867887,-16.9699810593272,37.5322277512073,-58.4902878306878,-9.40467956655945,-9.82585561252217,-12.7765676897901,-111.973765686157,-29.3343063792419,17.2788278551772,-28.6551822808669,37.2537144657736,-31.977782950617,-6.51560218646436,-6.45123006277587,17.4909773515372,-167.403442145693,-81.6176192350274,-1.34760482472804,32.4670097709142,39.5651989379723,-55.1885420985858,-9.66308744993612,-10.5426230527052,-25.0001811765166,-129.85387492992,-33.1175557295347,-3.33884176785756,22.5800661282245,40.6582031393925,-32.8536975561431,-6.51769927258468,-6.88229099702151,0.167083855727308,0.116918107940323,0.0286474528847912,0.0893618589536563,0.106929491860475,0.0601503998988259,0.133363125957869,0.084264306386681,0.0877881898864111
0,0,0,0,5100.98653875448,10329.0803888763,6781.52084256622,4049.12553402074,8611.04618439388,7098.29686187535,3721.31628160507,6410.650753169,6225.82723391659,-18.9530224082101,174.461279257313,169.909552189639,49.5096465307156,84.6969993734466,47.7213890883547,-10.9546935078912,65.8732301550672,61.5729098115174,25.0832298997315,113.16201372211,107.806794453308,53.5640488193886,100.659401644709,62.050579783663,15.8476169578916,68.4067898749629,64.3533148117305,-15.572777928777,171.503918340773,167.067967542227,56.7629665948806,32.5249748418466,46.2730733497765,-25.0073854204234,59.5698601928563,55.166795558801,20.1576364692239,108.922486232295,100.161180807954,59.1741387461143,45.86392912743,59.6486636358411,-0.262875553429306,59.5199430710236,55.4191529541609,0.061583247095961,0.0531123434727878,0.0504289841702167,0.0487814199175376,0.0953257899295191,0.0310318975790813,0.0382841419949608,0.0506232895020603,0.0506952060092319
0,0,0,0,5121.01686778204,10280.1412432493,6690.78526367779,4025.59455809506,8437.48110709438,7085.00449063439,3739.68105632803,6360.2142785002,6179.48597742472,51.4678008034528,-26.9520601263581,-20.3697582881854,-24.1396973560521,-147.647738185925,-73.0864315016811,2.5781995638747,-49.4505686346416,-45.2114300027758,-9.19245674854185,-41.7723562986233,-59.373734637064,-22.883543224672,-140.941625715244,-68.9518898697636,-22.4980979346299,-56.3120202018009,-52.9238746806305,53.953769026388,-27.8861571152682,-13.8606921800858,-14.2824636763826,-144.411858213601,-80.6263459047411,-40.1011538615846,-48.6070463119855,-46.1372855992214,0.420150314507808,-38.5908024129425,-46.4299522157063,-15.3287904518647,-140.47746630797,-67.931068124114,-39.3439712750468,-51.6657570955501,-49.6435298450178,0.091791770759071,0.0694849429805929,0.0320941424225318,0.034559667731459,0.0364800545050381,0.0458889063093934,0.0667167663437926,0.0451235118037215,0.0465739661578182
0,0,2,1,5167.74198517067,10263.6296447123,6742.43785626786,4055.21700358437,8522.13559495145,7164.2898623541,3737.19689075483,6415.37714848767,6231.78895892856,-77.3675738806149,84.2518735864434,119.565006292899,15.6294833705665,38.8939176459952,8.12712222849321,-74.8001220950992,29.2160037974046,24.1064512817003,-7.99459321381695,44.1722836707526,104.811486275507,10.7986142495449,34.6854104366076,29.2691546081508,11.6349489610955,34.3114966102691,31.0429800215804,66.5182829385803,23.4741617514449,54.7185377990713,10.9627478913338,-32.6270549934298,-25.2081289065381,-46.6582411898251,7.98046496301581,7.12477779130319,3.26397503559652,18.5096909213204,26.3809655443383,4.77318441582219,-41.9283071216902,-18.6996074894943,4.03910386768508,-2.78649577076394,-2.43245913674547,0.236166348154847,0.139887768416106,0.115309581078428,0.0426811862720591,0.111436361093093,0.221722994723557,0.0344854987776818,0.125906671229498,0.126504020932895
2,0,2,2,5090.32219954311,10358.3401958377,6734.02417916992,4054.93928700036,8608.89962114796,7200.25835325881,3752.31637042413,6426.91576591621,6244.13550283034,43.1647318394301,19.9521651034009,-99.8086548353173,-55.6701632099293,-48.5788620810607,17.1442217976863,-31.3645995331785,-21.4275698124482,-19.7382504087946,-24.4542107884048,46.3625383130087,-83.2498895969532,-62.1722365872312,-62.0691041054433,11.0989149359292,-14.1314574917243,-28.1067366031182,-26.3177946902802,58.328490849274,23.7986635050808,-71.6520022226032,10.3810262020724,-62.2234835557895,14.0119365816448,-7.49462627073255,-0.883435460520889,-0.239471278852438,-8.85636918024183,62.5910404034309,-37.8186210641392,6.06846869597665,-70.4853381426509,10.2971576132514,-2.68997114974878,-3.06776534242401,-2.75349735007731,0.181803864542711,0.182906782635678,0.225759266357336,0.327063693991906,0.19450376873602,0.19044209925177,0.226886891730078,0.233386815121675,0.23272813495332
2,2,0,1,5013.10751751177,10260.6767247144,6854.19374810486,4102.75422110196,8583.85249746329,7119.42966114358,3812.99020129643,6410.01952732082,6228.91113574296,80.3226277660908,-51.0057201771417,-77.6283961640735,9.48980306981623,25.9956599363334,-58.4856143273344,71.707894908462,-13.3818194621452,-10.22220326846,-0.372267108888987,7.76122514131429,-34.2409136568456,11.6354242284446,29.5528635148118,-64.7386588663539,33.7418499238644,-11.39487922922,-9.67772376109123,113.408750380559,-92.0041079989666,-130.065565727194,2.85319689148663,34.0874549391438,-62.8066045710205,0.045813512786026,-25.1693835352084,-21.5124899652112,-2.74252047711143,-24.1478266280137,-83.1389639027103,1.00107266224972,25.3399593058512,-60.6613743246665,5.30197538251352,-23.1427990413706,-20.6265149141553,0.205338164815732,0.202758955775153,0.196541076130957,0.17072625624574,0.149387557747732,0.159856333767188,0.281544952744423,0.178263024785244,0.182173094302732
1,1,0,1,4975.1769907125,10137.4408146225,6857.09534886987,4051.27496631558,8458.06395190744,7135.18199317827,3773.65418780798,6375.59261588162,6195.45736438017,-12.663743823508,-174.592899286664,-96.8279055039903,-49.1733445633455,-150.742962515751,-61.0382535947715,13.2396459172085,-67.7966663362836,-64.4901775813677,-46.8301331529536,-171.765082251616,-117.377873991477,-50.5808814138257,-151.674405321936,-66.3477658983414,-60.876024648988,-80.6788933573455,-78.2984195115946,-22.7393651139118,-185.016596416066,-114.788385656126,-39.0907501012715,-108.897772002302,-49.5346809029675,-11.6351040925286,-60.3425400138642,-58.2199633672485,-45.9089600563455,-182.082424788877,-127.9928299862,-39.5375017461439,-108.135930118522,-52.798021517692,-55.6692057414763,-68.4030340657827,-66.7528760101408,0.0731127834120583,0.0845269321095869,0.0840692470546599,0.0635671394778701,0.106462479418344,0.120656412329889,0.0627307309481153,0.0902816257951771,0.0890159631507809
1,0,1,0,4945.37604854512,10249.0174088466,6830.51666653577,4073.9446784966,8558.54397384955,7150.56546314765,3820.76993592988,6401.24343793493,6220.46709315717,-4.76509439830098,-67.0869964271307,-18.3682265541404,17.8396395697049,40.6722408336539,-82.5310605901403,27.8659790352163,-19.8888791137121,-16.6970151045687,40.4759198376333,-62.1340721655959,-0.31267723248611,18.3089100487709,51.4937520666306,-59.496038769268,73.1352899204445,-3.0436627055597,0.205802338274649,-5.01158183559099,-76.6068115642442,-31.6731479018596,5.71924062931524,26.7703918026236,-92.8300703491977,26.4330187512016,-28.8054062148852,-25.9345520359451,32.9044973143537,-74.0912197726484,-19.9348928553533,5.09585328239193,34.9127746752865,-72.7073844375276,54.601473730124,-16.608733038937,-13.5583818259377,0.0638212236842481,0.0633945222598583,0.0646645683557296,0.0637958397107693,0.0361415236265644,0.0473668104035442,0.116140760118645,0.0553910425755607,0.0581059078937224
0,0,1,0,5083.84038274631,10297.9196351179,6765.47557384595,4077.42656004295,8468.77952615743,7164.61185362662,3640.93101004331,6387.06685559874,6203.90122958228,-42.3523736339433,-61.8023757277968,-46.9751662819289,54.9871905342654,-88.5139359818688,-74.9634993844888,-141.285648940647,-40.1713753447265,-42.5273933537921,-49.504976260219,-45.463627375929,-31.2103852647736,54.8934446315189,-94.0880040387557,-45.9476603555816,-9.54658654307663,-21.7310645278547,-22.3957014011442,-49.8627090594188,-79.2018484924107,-67.7518046318494,18.3268589022625,-94.7208448010294,-71.5605126711194,-81.5892622326218,-46.7896501131549,-48.5619135540341,-70.8140427110385,-73.1838105958469,-68.3046784984869,16.7401135432427,-101.517260454869,-61.7214952848285,-21.4002707847487,-42.9692752125991,-43.4648474743246,0.173015856738682,0.140933177804228,0.111842959588386,0.130032102777288,0.0197616973256579,0.0875543992181979,0.189505519849267,0.108563298841974,0.111885195127325
3,3,1,2,5003.52294596228,10115.2931868869,6761.10428613741,4036.50265635303,8413.81604091504,7216.7426935986,3771.29471509507,6371.60856888714,6192.03001959259,234.364558442444,249.059817035777,-120.020364894264,95.7335547012746,-43.2125835649642,45.7737056072719,65.4753841665911,66.1779356434077,66.1460095013222,5.60817571474469,316.342480076663,-13.420317714529,81.4566510786129,-154.324363394341,33.9763448036099,-30.8070247503375,31.4476090515652,29.4065841432798,225.566254254649,302.034179133333,-66.4480593389241,65.7697295273626,-35.9349144978353,43.1110170714584,81.6184335920726,68.2703600913638,67.8472216044318,10.1133862699611,366.432073124928,48.0982360435881,53.5438005811146,-145.978909770179,32.6296527811935,-24.8260849873025,35.2607839209165,32.5862921019759,0.536142970137664,0.547604416640512,0.521002203561976,0.32494562937284,0.423506132568633,0.150558445877452,0.169002417082186,0.327381995105011,0.327328291946511
3,1,1,1,5011.1854051394,10309.4593323402,6686.64760112424,3977.98580050658,8463.34914290528,7201.18509881562,3828.51607783397,6372.10890465137,6193.10131332907,-41.4850419490102,-142.702547181159,-47.275983851183,-48.5491790013393,-21.8246898127256,-74.079859627355,27.2788566159303,-57.2482752912075,-52.5396737712436,102.734041495481,-67.9663609761135,66.3792898148785,-26.6028739623959,36.4765686944436,-72.7841907263494,11.0588307863313,-14.2005168157995,-11.3135389552077,-76.5814436320737,-155.963658623297,-63.4604235713324,-33.4818098197864,-52.5729107217838,-85.4956270576792,13.0661737205942,-67.0323619613801,-62.734140855736,84.5661716772455,-98.8535259676967,43.9668098840772,-10.6350743860624,3.72916559341023,-87.0449818920408,-6.74584190404985,-24.9340257782973,-22.3900080799915,0.189000586246163,0.420722982197359,0.745020531399635,0.447642484886401,0.14224595808508,0.141443389415053,0.124551376259181,0.311189210197036,0.303153941262391
0,0,0,0,5093.09036619052,10236.7386140677,6724.71113783023,4010.25544248735,8571.17778227791,7181.66611844404,3608.23892832639,6392.76881791485,6207.69677686467,-49.5711760169539,-92.1311196276244,-34.8105884898707,-41.2627688093737,14.7350431888457,-58.7785031139253,-28.0033640981409,-37.0496208911175,-36.4567736612963,-45.8006621410673,-65.1046839116311,-18.5174734086735,-45.9007780792324,9.85842563515198,-64.7809690439592,-46.1179338368743,-40.1466347888277,-39.3998317875108,-12.3690362644652,-114.654489806041,-58.7917026205889,-26.5357431664231,23.357770606545,-40.4413726912461,-25.9839778058155,-27.9980406318328,-27.102618448061,-46.0775996070814,-85.3678094908596,-39.0366538515816,-28.7174428522369,18.7855562420026,-51.0225652337375,-33.9543680385393,-32.925692226222,-31.9727850123063,0.271131485941073,0.162127701808756,0.0658301334287726,0.0825310538924906,0.0540379597350731,0.0722083253573458,0.0270285352902932,0.084990526792358,0.0875354108167098
0,0,0,0,5175.20575421986,10200.7517565808,6729.1020666347,4010.82175900157,8560.61970173531,7214.03561813758,3665.81381596173,6403.61944419229,6220.88949086567,-0.417909372625867,-147.550481421078,18.946867658799,11.9231092127438,-44.5309626537822,49.184453667566,49.7834306538053,0.220192051619645,2.80780751833551,-29.830022514129,-130.690727611283,22.930850984282,13.851237379478,-38.9900339347796,25.0908403450491,-28.3168756924271,-8.07785309866606,-7.46842527982329,-37.4760474755039,-122.558339098879,11.7594787835343,32.7357880068416,-49.1418074835629,61.7557040029952,66.0770183076744,8.71658924852791,10.5754836588251,-34.1266985226091,-102.601817602394,30.6474775941363,36.9400494948848,-42.0034441428403,38.2820874081126,-15.0527506781835,5.22516772942087,5.12464994390368,0.216913044526653,0.131099973002221,0.111386069627135,0.108542040596363,0.0876819960359114,0.110911079803981,0.0878339276750272,0.110537662923106,0.112739700662383
0,0,1,0,5073.75889293173,10407.7685884363,6712.99379771715,4039.3681130376,8532.40850627201,7221.11380336403,3766.08177101799,6430.33169551467,6245.845696402,-56.2016791045368,141.120035044639,10.5862578407895,21.1739748440899,11.7224390287729,58.2590395320938,-44.1950952821269,29.4302898151374,26.8624048123784,-9.08138206710386,149.665264599895,45.8321755013716,29.8981128005117,21.8963816205691,76.8538291580281,19.216435758622,50.5566607957545,47.9296068875479,-58.2931474395143,105.362783473733,-17.7038759628189,40.5836861314736,-70.30135306712,53.2120371027413,-55.6612941581706,17.1007342149686,14.3298145935804,-28.6826234337776,111.911770195189,10.79452256768,47.2348699881739,-64.4267084724648,61.8914043262001,-9.72711984910902,30.6020127974493,27.8748247715147,0.0228152245970128,0.0558470302120247,0.0401299093625403,0.0735084527617578,0.152441643363902,0.0905628010880801,0.0606467751913237,0.0808939476323254,0.0790013517114002
2,2,0,2,4989.15255318967,10299.4186830637,6716.40709847493,4047.21234999694,8520.05272979088,7145.24705709546,3751.5153132416,6383.90213157916,6202.8325049427,-189.460592095211,138.404397118113,84.7025359367732,11.9289456335282,-102.014599520294,-23.9884503202723,54.7436524557255,-7.33251324556565,-7.73262067721754,-21.3225648900923,43.4001698010073,25.7704060345093,22.6915650072601,-59.0603088219853,-22.2643724708953,17.0141535744546,-0.356273409486975,-0.787786086717887,-175.594368954651,124.84682886929,84.372983743638,5.00535853802711,-79.6181404719275,-10.2592508625889,70.2615086840397,-3.34252679273586,-2.38030231507148,-33.7601448731012,35.3208513484471,26.1099738144279,17.4017959413898,-33.5358650807203,-8.14223045348982,42.1098718605734,4.61498126384585,5.13579950260699,0.255088574952835,0.12263040030241,0.0599496276137482,0.0619164413905424,0.0648056223016636,0.0908522861057153,0.208634407121371,0.0901502809086874,0.0983943244020509
1,0,1,0,5094.55942166524,10244.5203529791,6746.16661453531,4049.510315973,8605.64189594845,7137.72912275788,3702.12043036049,6397.6532819353,6215.27361599895,64.3909443014107,-57.730525935129,-34.5650717143047,39.5003697157548,73.0655613753625,-37.1822722317538,72.5159668249008,13.0494199722138,13.8006620920552,22.8463338033945,-13.3452173045776,-1.91859249494557,41.9570091734078,80.4609610333887,-21.7224831584022,40.0832775025358,20.9966139797255,20.6589556606778,50.3140936796056,-65.8951758301072,-42.7805166249686,37.4108992908794,77.2704765103066,-25.3396367127689,-11.2016803621743,9.89269592396684,8.83901046210144,7.58806333403886,-24.0282116943627,-7.15695809350243,37.027971822732,78.5755867315719,-0.290444289503388,13.2500724766271,22.090406010292,20.8244002566036,0.106727205447897,0.0483852675730711,0.0395053527034267,0.0625458009779536,0.222819308655643,0.50399851007697,0.299287913574073,0.216133436061145,0.217603338199222
0,0,1,0,5034.15751311469,10282.962552978,6680.83681873095,4033.57038368868,8620.51052157315,7152.91082914805,3681.19163333434,6391.33915362094,6208.51217759143,-8.43037191400637,-56.6873068348859,-60.4925509964903,-3.97559897656484,-30.8029050885537,5.43125910081817,-4.50295641197711,-17.8161410407605,-15.843218252852,-21.2148227028107,-56.7273977535524,-54.6822020446893,5.44669282990463,-8.56220512978701,3.90783890865454,-28.1926431484736,-11.7582570039542,-10.9081650996544,-6.7870715479384,-67.4834421406744,-61.839724842896,2.51317570670919,1.40825702356642,-4.51359422204656,-44.5531183418912,-16.9066254612864,-16.2632770329335,-21.2192948757768,-66.6299021314809,-53.0059247333304,12.1231258581068,24.007806194477,1.53279076277299,-47.1098112427795,-6.94990077780297,-7.25464040129623,0.0565900283609118,0.0384952687698913,0.0139036485518002,0.0412484930429452,0.074661310715795,0.150435231819418,0.0893119787948574,0.0767481272190405,0.0774442236468791
2,1,2,2,5177.42079864495,10261.7800600077,6689.85517556075,4058.00325641592,8635.22972725746,7136.86411715128,3660.72006080804,6407.35799669039,6223.95491704001,135.977451732403,-58.9506482322079,-53.2947831664134,46.8298195293833,17.2849903414695,44.7723918390863,33.0202418035909,26.7636092031117,27.2926673742457,50.8677591607681,-9.3382664470552,-4.88400473100566,47.6668671266361,15.2315113573346,42.58838598656,16.8336795431562,29.337920472492,29.5435276772559,19.928524685119,-25.6269369246905,-26.9597043630403,44.0125468297956,-3.08129303931545,30.1804052102764,36.3088522573823,17.3123172790183,16.6531920709875,10.7333921809533,-26.2393339219668,-6.17005665104566,46.4250615089315,-1.06894463796604,25.9080381379946,9.06170000799843,18.6978216173725,17.8338144290373,0.0649010232017219,0.064988198450255,0.0712608747523714,0.0861693167186371,0.0933167845278211,0.119305776135984,0.251797377798873,0.0986166109166026,0.103640801086314
0,0,0,0,5209.91433729822,10317.795219115,6655.99072684444,4028.84008160953,8580.79750283727,7118.37029429564,3730.66084513204,6401.77183213302,6217.4229402219,32.8980731774705,8.39462486924289,-7.5774649644809,6.96853835462419,72.0631213698775,-7.72827943747074,-51.6032305915541,10.6507041479001,9.10837834455426,46.3843584828456,29.833200721143,23.9688164352302,15.3614210098733,85.9304320643748,30.700155445808,51.4065620476562,39.7712052235468,39.0488200186871,39.5699025577641,-0.509737989381132,-8.74847186238526,11.5135004168202,52.2097862423634,-22.2050871930087,-66.4152902135618,4.43533020557848,2.98396574060059,41.3513390862458,19.2529164061339,15.9379992938108,18.649525092324,63.4282284626949,14.3254714239267,35.0420037731232,30.0203621649174,29.4660208564338,0.0278310520372997,0.0119589389610764,0.0016891852968417,0.0168388636108697,0.035551243917092,0.260462851986091,0.0159976729668792,0.089650574741893,0.0859707479779065
0,0,0,0,5108.95269437446,10250.332653867,6696.68832253371,4058.02506061916,8507.42022580359,7113.3786603902,3656.04634933643,6382.90892798986,6198.13943578142,-39.0276224325279,-156.46872725315,-39.2774170431429,-25.2784354573722,-50.4705375884087,-54.5397104895483,-117.209728274491,-55.8218564127029,-55.0387249602426,-84.5380411450339,-134.976337101198,-43.3942558075834,-28.8727862276451,-62.8609267796495,-36.3252723191462,-22.3599413861128,-49.0261171621462,-47.4738845120508,-27.896056361422,-139.757516638719,-16.818244341564,-24.7795460910953,-83.6227796072756,-52.1805006992441,-41.4320389946823,-51.8843796786293,-50.1262317187052,-75.4815064639721,-119.191510462221,-26.7167116858252,-24.4704082337602,-88.8631130791253,-47.257063163792,-8.93081789306675,-50.7117443047853,-48.9320993147062,0.00795437938552669,0.0351496501587239,0.0753117563963595,0.0767559838605487,0.141328561892257,0.166141135428572,0.358504647719145,0.117819533270051,0.12396148408192
0,0,0,0,5129.72826894144,10312.2718575107,6740.5400863616,4059.25693239083,8490.51445285385,7106.82009977275,3688.7557803611,6388.75623440434,6204.29968635547,-68.9216429769654,24.2517532621869,-17.2851256199037,-1.33625975695622,-101.008881778215,-3.84248202866365,19.6637393270238,-17.5266717181189,-17.8430844461155,-22.9599998379202,-27.2273185353664,-30.7864805383567,-8.49488485122994,-106.322509593405,-14.6302637226116,-25.802698253211,-27.8054701451975,-28.2974947520879,-81.602429605587,34.3566294757722,-8.99889894616479,-15.7699196737997,-65.5646172850771,3.37088998960593,7.56583469587796,-17.9171443509148,-16.9750521146263,-27.2228020167394,-27.4673819068303,-30.3171354753867,-20.5899745071311,-69.6170013948888,-12.0623151026879,-35.3204668830403,-28.7539680741069,-28.2308232009209,0.0019144876435572,0.00588608279674566,0.0102641853701419,0.0581618965436912,0.096067141004478,0.250874156175919,0.300133688090997,0.124070711072532,0.126380552866326
0,0,1,1,5119.97236860006,10341.0648841692,6780.13700379621,4055.27507824478,8485.51756808318,7172.18468648343,3654.66943706035,6400.67265843337,6216.20193823775,6.68969190488126,116.032942786747,41.0874841348051,20.0890496784673,-36.6784329388217,14.4526523164856,-84.9761106249208,7.35282299148613,4.64639234378838,44.7997804374919,104.339763979956,30.4389009680934,25.4561205454896,-20.2873666226842,56.1515666252699,11.7601187283292,33.7340824731938,31.5377200295756,0.272327278458696,85.5173524798481,9.91432203011368,27.6907448248219,-26.1508860405514,17.4969849329346,-97.0593031812722,8.18703955245424,4.50228214425262,37.7717226054313,80.9413392398869,12.0713027849212,32.0111222325904,-11.0941994730946,60.7031416646656,-1.02918374938208,35.5892724362784,32.3161272697425,0.0108520821261078,0.0480155857225836,0.0412144890924349,0.057460555038991,0.0676217364227323,0.325390689301635,0.136559290131644,0.137175473561458,0.13470827079107
1,1,0,1,5130.64550892791,10311.2906479693,6731.63899979005,4044.43679067034,8608.97383015204,7179.47943392563,3693.52415750629,6417.67048824273,6234.67036749102,32.0710350629316,-68.521068668294,-3.99344106331603,7.99066051458495,105.308026793995,16.9002442857316,-31.6143823872101,19.6682516250077,18.4321731474114,15.8889105908996,-27.7570497407191,23.7224918729272,12.757290096398,110.688421814132,21.7382365537231,-38.9425460670732,28.7028263841407,26.5476917809177,19.5643584465619,1.17141521304191,12.864490601957,-1.87890484560559,85.7044334176574,22.2035202191289,32.6797154815502,25.2261611200355,25.2932829401648,30.5446983301367,30.9286456584986,35.9737778226546,4.81866000534148,95.5963220342834,18.3363472858602,-12.4463105475458,31.731697632471,30.3147175612655,0.235528637331037,0.142597158455146,0.0494232562205813,0.0590117893338216,0.0320600626772976,0.0310075798855141,0.156651274935099,0.066598492419269,0.0734256115048655
3,3,1,3,5190.20120217891,10090.7205719861,6703.67611040455,4040.75758871126,8510.98581799813,7149.55075002417,3658.48550237921,6374.50315973814,6192.4374060378,311.868905843033,206.08770592668,-117.241029914955,78.3302931689963,23.801978631461,117.428898534705,-24.5020723077436,90.036703912416,85.8447816659862,-36.6797303924323,381.617589579037,41.5992161825918,47.0580989331583,-117.821273457012,86.2131782716769,-140.370538166594,39.8241316444447,33.1602698355715,377.745794025266,317.102672432524,-107.522591572941,71.7587019081064,-22.0914587843364,114.723767942871,-62.3043679829571,95.1585722816615,88.0173979629119,-5.17720167985434,505.909043669543,56.4466269020079,40.9827763811665,-171.232423970349,99.3908698265309,-154.854624977207,49.6164509330723,40.3402503150037,1.01610253998751,0.838785340075693,0.700661073169172,0.316567768486684,0.320494647764924,0.248158379977585,0.237231692089156,0.41486875772134,0.421606676754611
3,0,0,0,5111.51471762714,10469.2114797892,6657.10047906511,4059.05220368295,8542.8302324041,7081.45787949376,3806.38434690375,6399.01877062307,6214.90799234452,6.13389501683365,123.063027445364,-33.4717286091224,22.4976098288302,-25.8589962704287,-74.1171991419555,-12.8278555602098,-13.9051999386473,-14.4023403581769,-2.42118112805159,93.5940760324099,-74.7835285016235,38.4272863520405,11.890579228976,-60.94039686134,-10.4602775170089,-3.44964108188013,-4.43001722375065,-2.77844246080037,107.59105487283,-19.3102095236982,-4.0540436729085,9.78100921155146,-71.844294691031,-6.43329618961138,-17.2420348448479,-16.668173498962,-7.76123914707897,74.2886365355798,-63.6912522673349,11.9241180062225,48.2557944460264,-58.9189099544025,2.25587680145715,-6.85501290917451,-6.67135545883736,0.218846247619291,0.178844563254924,0.164147105557796,0.202309935715359,0.18202321878771,0.184705877596479,0.181236009980985,0.186332001514322,0.187298193597442
1,1,0,1,5142.37257319546,10330.857465692,6737.87518653639,4048.90129012469,8598.2561326439,7114.08263749295,3771.19609663595,6413.46883018206,6227.64615429287,-156.103951234116,51.7987659251704,61.8502101004714,-4.24238838900996,-46.6011954709876,-24.0720885213724,68.5727825596647,-10.6828631901862,-12.3973302368447,-47.9428806946326,-1.81958009624814,11.65822337851,8.67956281258006,-6.99894842834256,-19.6810508975029,-4.26541565452266,-2.81694098401964,-5.95492312409111,-79.5947000000338,34.1917591045525,47.5595170137703,-2.62656146867109,-36.2745876986579,-22.0422713260599,25.7124271687772,-10.8675191039806,-10.6096359207872,-22.2504801985782,9.04348404077735,12.3874586555661,8.17374184796476,-1.2844515806609,-7.52545826041159,-0.952774041155398,1.00485022008544,-0.11681732388483,0.169223801695902,0.167617613345021,0.180929873095654,0.20959933188151,0.240583337889259,0.605152862321449,0.401274188237328,0.328065735597918,0.327671378923586
2,2,3,3,5235.17182380234,10309.048611138,6704.2041128586,4030.96526384891,8587.42783867675,7112.08634703549,3762.60973001015,6403.81222564072,6220.10072767133,97.5266772258717,-23.5872704919836,-8.88527072958811,13.5148403461405,-106.842019243124,0.514113941287251,99.7502849913747,4.04842905096806,5.34643429404874,0.213420745005479,2.36801251688054,-9.36098097579583,2.56754902556294,-126.456233741208,-40.2704060478932,7.12771702716643,-28.5151717680928,-26.8647853067486,47.4825299513333,-3.24189505721565,4.79680103369662,-27.472361162896,68.579052401385,24.2708539215415,76.075439904885,19.5345457614163,19.3561434231948,8.21663164119977,19.8303573187341,24.5862247502425,-30.3616674732486,65.769687548116,2.08589166543628,31.8405505454251,8.06906919919435,8.27876225574117,0.139002985669436,0.116430453935375,0.102804603220574,0.174687402890409,0.352172848974302,0.361659374182295,0.410251338175243,0.258711189282424,0.262167049970952
0,0,0,0,5054.28702484043,10435.2471165049,6727.06315926126,4036.71525465576,8717.31470585217,7158.1861440484,3696.68438468959,6430.3594838961,6243.3313563815,-34.5671325875826,235.162737022397,45.5497601632242,39.1011802577564,151.300703060714,94.5015185911531,53.4581224101781,82.0370645536113,77.3720763638475,52.1156005778511,209.903792632574,57.2418154226019,46.7207837873485,170.388019669313,117.840065250298,88.9282259443458,103.300737024547,99.0367687628034,-9.94017657399185,214.403264814134,37.0312116261637,21.7505117660998,153.095797919006,100.170088697901,65.4236319803357,80.0997073273177,76.331308222926,57.1317847404035,202.516099477117,54.8666805715812,29.9279383358367,174.300939564498,122.654298309335,88.0752577159006,101.070364234674,97.4310719773742,0.0650567825339307,0.0325104100007818,0.0117916345750346,0.0605201620352834,0.0384168271943551,0.169639361650831,0.0797815277087229,0.0840709076811022,0.0831167351677717
2,0,3,3,5118.37045403655,10330.961371979,6743.94467245141,4079.77195707072,8613.90565119715,7061.20421735572,3649.29637070291,6396.40326115315,6212.38680783241,-51.4931091036821,105.247425800027,31.2573167602955,43.0221126379418,73.3008842137388,-45.5691612290855,6.46649891354521,18.148358391512,16.6208171402727,34.5550310675904,96.9235222683798,51.5034213461605,48.1578750166227,93.0576665732732,3.3672537668225,80.9022843948953,50.9741864556345,49.2063590260917,6.85115312160893,49.6447686443171,4.54364805581906,23.3876757282682,-15.8069697663445,-41.4131172016909,46.6773597346596,2.37115957598521,4.07622465829669,21.6054905791153,39.076671458426,-2.79774299747027,25.4511097597016,-5.45566187431316,-28.0522457806208,53.1067258556831,9.16064249079364,10.2423400235399,0.21158768243523,0.100149371754208,0.0889326469059143,0.116030960883146,0.223935997040505,0.389529186998264,0.289217557374205,0.223493565820367,0.225497859914824
0,0,1,1,5128.88431678216,10384.3377949605,6778.80598844168,4047.74947278192,8544.29833978221,7188.21335967639,3576.44994366517,6416.19597143133,6228.20834027869,101.725569196106,77.2628395441142,36.4567460749578,46.1863527668322,59.8451149702959,27.1894899115314,-115.964604869341,33.2868108116755,27.5763120439095,50.8221011553359,117.389117360343,58.7231764612015,47.7514438390644,65.9373245310786,69.1272070127682,-10.0216600569051,57.3456680419538,52.6342445325252,-21.1153972454167,89.62403839086,27.1147895332678,50.5494199095089,3.27682798036562,26.4686617761907,-63.3042546511023,23.0114590518962,18.2198752654834,1.38598800888947,85.629139313731,30.5443538693901,53.3988843299523,11.2488393551958,53.7769034150943,-10.7109053295385,39.7970893007561,35.5398545652396,0.0864065660951306,0.073061002140646,0.0842083246679059,0.118910795014669,0.190100561255661,0.301512032511793,0.372614526193755,0.183844191556327,0.188442558409437
3,3,3,3,5138.07521365969,10330.9417955673,6775.44078716315,4083.88329038201,8535.78513447421,7197.16824581575,3593.93343690871,6431.14282816473,6241.98106573967,106.84973540258,-32.620107273437,21.7161028008587,17.2071145139209,-88.3275366201569,37.3997257996467,-162.541635177793,6.48060913535518,1.98426396428861,-37.8024046145088,-5.27187622008867,-27.3466799248218,12.546831985952,-92.5494270828132,37.2683148356329,-67.2365909404676,-7.57597246216161,-10.0065584042649,113.881551914938,-32.1912806070416,11.6918305521502,-10.5766525497012,64.9173111521147,17.2475790165935,-130.652994593015,16.4546235300625,11.925465741244,-29.2115510874609,3.45578702135123,-22.3371967064812,-24.3491459020462,45.8748241540718,17.2213031959748,-30.2045400954214,-0.574491254869329,-2.73561395144129,0.298167566821214,0.249748221392868,0.209474224315671,0.199840530602006,0.608263832549069,0.486404133342401,0.450498807914586,0.347961893866188,0.352441955992922
2,1,0,2,5028.63880505201,10382.2228324207,6675.7855762101,4013.64344749531,8747.5053297908,7163.76088051864,3756.36221810645,6422.05016234212,6237.14259555323,-48.2083708922428,57.0372823430664,-94.0779906032061,8.64802578866409,221.974134269273,38.8491237635933,5.25419655293892,33.12693722068,30.9378532042295,34.4751463987817,74.8510797712626,-17.8402516031059,17.6634277310645,226.114640697857,53.5453986398108,65.8040976052577,61.2812842846113,59.202688954395,-44.5138258390311,56.8215611650463,-94.7318582026351,18.3170578159703,109.895750268359,33.6577897105004,37.9082076356512,23.7450613762636,22.6663664268348,25.5324440910762,67.7056504789796,-33.6945146774432,28.6566731912678,115.380989570797,37.3974255740238,53.5253531271058,42.1213038350546,40.8092801659656,0.126787198728328,0.124193844661119,0.133715677454366,0.191330501438582,0.272430657261233,0.185466097287403,0.220544868621248,0.190148061060309,0.189784634053044
3,3,3,3,5133.82172125729,10345.8290695654,6727.47766457875,4020.96881007624,8532.0962053287,7111.59165830618,3724.37520486556,6385.95450792127,6204.45402889206,-15.3791566507747,-28.4204070056875,-6.13646081280183,-31.9726611966367,-114.885404865685,-79.6718014874468,-9.37596804164423,-50.0586068140485,-49.7430164219637,-40.3899959148584,-7.01433616145562,-29.8016312681971,-30.0333682286901,-101.241753672425,-76.4936186825274,-69.3098868411456,-52.1652403809658,-52.8535397701107,91.4421349598644,-82.2995945765581,-34.2661709974135,-26.6348168736874,-102.001818158629,-78.9402125382749,0.509386249341408,-48.1184182104456,-45.245197490125,-6.37124792088917,-20.5650170218243,-38.8928641741847,-25.6518803268527,-91.0715231502257,-77.8131008947887,-61.3753827409208,-51.9458423008786,-50.3189893453221,0.211230858811112,0.199168195537857,0.198217856279272,0.203918150860541,0.225997960590073,0.232368525917686,0.237214184536375,0.217268411897481,0.217681766752315
1,3,3,3,5073.05794845632,10219.3498992822,6664.57210108077,4027.55988556332,8479.15639091582,7067.89767670497,3604.42232714296,6346.52282636595,6164.0619138331,-24.9922067816222,-54.7787025659741,-30.5280235169395,-10.2664454151536,55.234563756804,-98.5865131346448,-43.1588300094888,-32.8712316300959,-30.7887961871651,-14.5219156648115,-61.7009759031297,-16.039959605569,-23.3136275111076,44.8639699800541,-81.671252486819,-2.33130342497236,-31.7857511456669,-29.0384041250536,-3.53032730236717,-130.946614928331,-65.6735586459428,31.8146380050131,-108.138854364846,-105.932420064927,1.15953833749745,-51.4693987003781,-46.2665183030754,-53.7553302805661,-147.379747562753,-77.9158721027981,12.9412437732772,-136.848327185063,-117.775364730557,-22.6899768089218,-75.6688549015239,-70.1836091183245,0.292012369350102,0.172095142700444,0.0734717322370972,0.152765496985369,0.324248228730609,0.1907425771269,0.358125970865577,0.193902862028414,0.203188206680754
3,3,3,3,5139.37989435921,10332.0485445923,6671.60156714868,4066.14646174668,8598.79572840652,7260.51673001129,3617.07377827282,6431.31167765875,6245.52087236875,-44.5636830845725,1.21755946751325,-11.656070984194,67.6874529476146,38.7739759440251,-45.8208661911732,-60.7303310544964,-3.85268517535683,-3.58948117632509,-29.9286702670362,-15.4013277873719,-14.493336976168,67.3676046001006,24.4414895221266,-14.1809349527869,24.7092979576272,11.4840074604961,12.0788647705734,-52.3916156457122,37.7550089639147,-48.3602694149324,148.482696662216,-227.773831948404,-64.9490429929345,233.788587004406,10.5284008872702,15.0580252179696,-31.8784311585534,21.7507890047095,-42.5502451279413,131.149264935061,-258.056216864071,-113.56389337127,41.5823948683632,-29.057703352683,-26.8622846601075,0.516349309150458,0.378831379370041,0.367975478564027,0.607067358491129,0.992817815258238,0.963609626344729,1.32378100009532,0.753344136655329,0.768613475327634
2,2,3,3,5080.99542635914,10347.8296775893,6691.57758035241,3977.34029748562,8487.24587862064,7290.78002107061,3685.83487507153,6402.60380582853,6219.43677139466,105.576507476937,104.094046791796,-33.9050889799299,-25.8257487109935,-56.3924761475038,0.648913639200909,48.6597119906343,-1.58641048049854,2.2972382995277,41.6202703695629,111.016536977756,-42.5684217124104,-22.2587377939803,-55.5190843611816,-21.46981356163,13.8035835444342,-13.295248442928,-10.9806252100443,131.67740432668,74.3202814660014,-58.3919526313144,38.4762779746483,-119.376801801331,-16.0295986203088,93.8575468536646,8.61163831444837,11.007674411944,46.5976615870168,103.826858646878,-41.1385297111635,38.2724145078117,-123.685793688035,-42.6875257686733,4.53823102488705,-8.48737997682645,-7.65198381403317,0.120261198060166,0.131472093838871,0.149516775908345,0.293587459268718,0.315006246400078,0.274117306980106,0.364914658181233,0.259019836389136,0.260052782226307
3,3,3,3,5101.32389133852,10323.1147314121,6774.04912484816,4006.92764806993,8689.82829649682,7340.43374211586,3664.04770022311,6454.00764749796,6266.6086179186,-112.048280405051,-25.6489725769462,96.8258904529042,24.4846379896776,202.087586564092,88.3075415571562,-1.30395717005232,51.7002255119944,47.2424918361328,-1.5003079628096,15.8607391123469,164.005246669588,30.7073655488594,213.578092539837,119.873106868818,52.4407266045928,92.2193836017921,87.3174235684322,0.439091024355873,-22.9870753787459,80.2815336623984,16.2581426997632,224.963430567143,114.845555220457,21.2592756454797,65.6649014319229,63.6590925151719,53.0162278952732,51.5575515142003,164.589740647347,22.3324859447136,237.011461496984,138.90402367598,66.3172091254729,103.189703063567,100.311889317089,0.186063854049735,0.188048674502814,0.194029368915012,0.237966865004107,0.269357376717413,0.57938171289245,0.285177097483144,0.339199510238782,0.334375670411251
2,3,3,3,5159.58365418149,10308.6343781969,6692.76869588952,3999.63013690351,8451.12995042064,7265.85680151639,3687.65765039465,6408.35645616674,6223.7619981675,40.5735667848525,16.9993902409541,10.0775125851587,-30.1130587078389,-266.117701586823,62.5169400389319,-88.4300686816881,-22.7247457109294,-23.6692606735352,1.98577273118243,17.6458346178969,5.42378224862387,-27.5336728502025,-264.254183040264,55.3667462443567,-57.8487322663545,-30.2175786091988,-29.7388023383177,123.016249649888,-1.36047928157015,-3.11881007987336,-72.3676910807856,43.4528692875292,125.243372450785,-76.3417188539376,21.6601933346062,22.196425488385,71.0722909198611,46.0960102336078,40.1572730035019,-66.1566146388795,50.3412681060015,139.338829361535,35.5033360399651,38.0629411602155,39.7396771922195,0.139218752732073,0.145253405357381,0.180333909704163,0.290189288538273,0.803362915991784,0.522305552261434,0.391017115100265,0.4033341714219,0.398343875987593
3,1,3,2,4936.09809124099,10170.8704833767,6731.31248054432,4010.55787134619,8613.10204862739,7172.23522011521,3798.17083676049,6385.75010901255,6204.70260291088,121.980942775917,230.638800467671,-60.2739389248733,84.4086618996423,12.8527011783272,260.997176256968,259.446815194003,146.427617680287,143.301487607746,-1.24479383504219,254.866404260839,11.0733468063541,58.1084489627656,-95.237830189726,186.840976043447,-68.8465123620707,79.4672370578364,71.5914687512812,152.515751399807,337.07092479554,-40.6380918626012,63.3411702090705,50.142956899139,255.76865871442,114.707478110874,144.735364210995,138.190695245848,17.1940021488007,374.453728177502,64.117022549354,39.9383069272769,-56.4504092894376,216.045289536169,-87.3820075076439,101.317287615117,91.368433425342,0.742871272018836,0.716996454464353,0.647962811941199,0.353547338756186,0.405425957283133,0.485994907106262,0.723297118474352,0.504379360090336,0.513458783567646
3,3,0,3,5115.11549908367,10471.2609279967,6681.00019072097,4025.87603680475,8609.18457761568,7227.96193077452,3630.33774829013,6416.36057364387,6230.6597641597,-14.2029862928174,160.553833956037,6.9186970448726,18.0259827004427,106.876973984656,28.127007610814,6.85601278325324,33.3473416498471,32.3436388611499,63.5442847653188,83.1290366148791,-5.15261879189334,26.936820611819,132.515130829093,31.0971659047339,44.0284757287894,43.8191912413321,43.9411020163016,62.2335120143775,-3.02101131445943,-66.8138560789141,-18.2292032202008,111.799119253045,29.7260179170636,32.6459708789803,15.1385031377302,16.9565682523204,42.3415118712177,-46.478081095152,-74.7251113111848,-16.0563717581411,121.746985287359,10.9467795197833,19.5419595857126,6.9104752588837,9.13044436320954,0.616676670684037,0.528602623203448,0.479705555165721,0.482351244917438,0.366437667070347,0.360056674400069,0.455381198782581,0.437303499243947,0.442244343468098
