PosteriorBulb,AnteriorBulb,SidesOfTip,Tip,i410_1_postPM3,i410_1_prePM7,i410_1_pm3,i410_1_pm4,i410_1_pm5,i410_1_pm6,i410_1_pm7,i410_1_medial_axis,i410_1_pharynx,unreg_error_postPM3,unreg_error_prePM7,unreg_error_pm3,unreg_error_pm4,unreg_error_pm5,unreg_error_pm6,unreg_error_pm7,unreg_error_medial_axis,unreg_error_pharynx,reg_error_postPM3,reg_error_prePM7,reg_error_pm3,reg_error_pm4,reg_error_pm5,reg_error_pm6,reg_error_pm7,reg_error_medial_axis,reg_error_pharynx,unreg_error_single_mid_postPM3,unreg_error_single_mid_prePM7,unreg_error_single_mid_pm3,unreg_error_single_mid_pm4,unreg_error_single_mid_pm5,unreg_error_single_mid_pm6,unreg_error_single_mid_pm7,unreg_error_single_mid_medial_axis,unreg_error_single_mid_pharynx,reg_error_single_mid_postPM3,reg_error_single_mid_prePM7,reg_error_single_mid_pm3,reg_error_single_mid_pm4,reg_error_single_mid_pm5,reg_error_single_mid_pm6,reg_error_single_mid_pm7,reg_error_single_mid_medial_axis,reg_error_single_mid_pharynx,midline_dist_postPM3,midline_dist_prePM7,midline_dist_pm3,midline_dist_pm4,midline_dist_pm5,midline_dist_pm6,midline_dist_pm7,midline_dist_medial_axis,midline_dist_pharynx
1,1,1,1,3928.3861575883,3798.40797322067,7219.01660291993,8772.68259837407,4128.74574354889,7329.81386469572,10732.419787049,6460.88208884459,6215.64247468367,101.747082376003,126.157287014066,76.0492817190095,46.6725008620251,93.1779302517617,86.391688224126,52.2819969439281,83.8408795714834,82.5426669115094,60.2544932914956,61.5229524782089,53.3000211679177,34.0770438516118,84.423065593948,84.5220729455585,37.1974592503606,62.3093683587409,60.9561777680893,108.390164582871,126.470551459867,68.1602033072359,62.8277897956678,57.5551709165375,89.4103616100323,100.116518961211,78.2643031069648,79.0868577942889,45.207837486493,73.7345818664025,47.7371884438985,35.4463314174068,46.5341069600063,63.6401175918792,57.6257886415907,47.6219873237208,48.6363056888652,0.301770597758678,0.107107176787307,0.27207291268951,0.0262591783395401,0.161993307443966,0.0455088160783248,0.121796043283593,0.165256018074484,0.166257113783957
0,0,0,0,3977.23855004011,3719.70434922104,7158.76451637739,8696.68512424812,4194.78111772723,7186.38160609012,10686.6583305109,6438.96375123204,6194.1437422882,52.0402605053634,97.4905314417617,82.9879121907091,128.066628314963,84.4878969396399,46.8014335054804,62.0976348136145,86.810640952284,84.652257554334,24.9589859678188,65.4790938799541,47.3677302757327,109.520037135841,66.2557999350845,20.1421020462845,37.0962373731299,57.5308323901244,56.1442250206739,40.6147865313828,94.7736512076479,83.8979479675456,130.979713830213,74.6581643596265,59.2189839538994,68.8772937279464,85.3881923866214,82.7759201469108,27.0174476980541,65.9873416790783,46.4707014274007,115.938518426094,58.7112476768476,25.3917139072537,40.3643522204492,57.0229744519056,55.5847989720134,0.262362453402555,0.0858284577330679,0.0975253715803254,0.0452484308180074,0.0286384725750895,0.0481195410042451,0.0495352429466604,0.0711664342331484,0.0798648260509767
1,1,0,1,3976.9899415199,3595.38112470473,7106.4234533657,8507.78867693178,4087.09923178747,7056.54117075372,10490.2203209626,6333.10434253595,6097.25897089396,34.4461085844437,163.811806177321,59.1967638904565,132.649764945629,56.5016985047524,49.821168749647,80.4382456088019,78.5608349807168,75.1737254474436,38.0553106841883,72.5285522106013,53.5662643423364,136.615989156562,45.7098679014404,34.943344539644,54.2660359229413,61.5508003839423,59.5469612339306,42.2873163092039,142.739432287395,62.2623387451968,138.65188225435,47.4782444335322,65.7319085470879,96.9668932934424,78.9644092024248,76.2776541227068,43.9087853527606,82.8768242288007,55.4130195195408,145.222257600178,36.2444457643449,54.4001357672281,67.7643632333358,64.4728877864501,62.921740558989,0.123462187993925,0.297405957085085,0.110334150352818,0.0940784697880989,0.0827675582864338,0.109038517787121,0.178347618920465,0.11418472337779,0.119247514564268
1,0,0,1,3970.77136330513,3844.07689583229,7105.20767237668,8530.92742846141,4098.02999919016,6988.37673954965,10576.2777445309,6354.48618604919,6117.05386150197,72.302197625139,91.9115742459209,80.9829610752721,131.506530748673,70.1656805275263,98.3895322471991,198.939094175211,95.9376863009013,92.3174064124269,56.5018441073309,60.3296681465352,65.8557956052535,122.577075461789,56.4070869805283,100.300668292962,110.284241203822,78.001831166856,74.9079972068728,66.366687440589,62.3951988612558,74.954415215997,83.5522053222702,82.9866943445221,83.0976718754998,56.8195141215199,76.3472614907993,74.7781029426639,40.7225153409101,47.1741335763466,61.5385543194104,58.8238663323986,62.3187993693234,86.4487735083129,16.3152091447527,58.2181927867665,56.0640333572717,0.219465765285883,0.47312584635095,0.0603752407340467,0.0981811493341252,0.0452426900146806,0.0564323321592927,0.216149812049558,0.1033221316294,0.118199550119011
0,0,0,0,3944.19098620439,3759.27989752397,7122.19154690211,8637.75888724853,4089.56381291933,7010.35267080277,10582.0728243365,6364.14981570339,6126.38808919847,51.1920299316246,16.7665674667503,66.5695596761705,72.2868610265644,61.046948463523,57.5038203697279,162.15451279328,69.7539863743074,67.9445239081925,29.8974319797728,24.5012328734726,48.2491619774737,29.5728512306518,40.5503160369219,32.7988325097042,73.1526780177253,40.6309870817943,39.2832047484496,39.6816980161247,24.8332818541702,59.3432506871982,73.5856087191368,54.3536838457034,51.9665444857322,134.590508740675,62.735783486513,60.9917828239233,25.6041482667009,17.8219079419123,49.7466006167601,30.8583899341621,29.1322922615248,16.4590189128405,50.3481419862986,33.3293027747933,32.726096918243,0.25569556363218,0.0761813340341837,0.161697204060157,0.132656579490507,0.105427246669686,0.107139829806403,0.098019628068968,0.132726492435257,0.136241295419101
0,0,0,0,3935.03821274823,3749.75656854376,7072.25607089495,8556.26753426665,4087.18464384709,6951.36371298091,10520.3917417493,6331.39285978411,6093.29765232413,68.6143864944925,23.7732106133183,61.4518297054758,77.6327664235265,55.5918297875832,88.0335095463646,49.3640208275623,62.816109917987,61.6151388136188,43.11913923942,30.2148313351792,50.4911031882161,64.1317799499041,48.6718751808111,50.8468969027511,36.5139657578366,47.8858162215554,47.1812559511832,77.3538769724009,23.4440942430171,65.7094366864908,82.2751972414193,49.9130128994795,86.0245720657929,49.7201666799717,63.9512143006474,63.7211940444613,30.0996904664794,38.5250157797491,51.2867561837271,73.3502251962519,43.8245234930138,46.1438756851811,42.1682005116497,47.4669368960012,46.7893888779705,0.227708137249987,0.0640645497392451,0.160718732794538,0.0595399214610005,0.0736269425152657,0.0619319197597541,0.0593121118815881,0.103381834338692,0.105770434744424
0,0,0,0,3895.55539514094,3762.87507189717,7113.00845748649,8623.21393527197,4080.02101442,6995.59503180122,10491.8174214523,6348.17115024479,6109.08272763071,91.4728929246668,29.6682561896031,73.6046272267811,61.9019226107608,66.9198838267722,63.3042990030538,48.7529344532637,67.1512957255233,65.4165164510516,23.3244863679409,25.3747662336822,50.895192905372,28.865437398349,58.836557625236,37.1009286936484,39.4690805321766,45.1158139775795,43.6173529661856,59.0126397020919,42.0499121432343,71.2278198300867,59.6286889648588,63.1430078850601,61.2296036783914,42.9428527275665,61.5682938798418,60.5121709310011,29.2686717314588,34.7287311437081,54.625304217792,29.1669583050385,58.4698947760577,38.0882247512237,36.1312867332399,46.423252117342,45.7608453554532,0.112745196874872,0.0218177104355397,0.0671218239067252,0.0341135000392277,0.0913781937438873,0.0268782672348061,0.0152450766230745,0.0616218738594739,0.0632797551283415
0,0,0,0,3882.94409346959,3786.02286139157,7086.72987906623,8612.65852982928,4097.49643398863,6971.35541254875,10570.6729397615,6345.67888243043,6108.62609116692,71.3593666004236,110.681936774415,66.0063493245018,58.9521956833759,56.6782486965694,26.5643755048408,164.536021277785,70.6274936447212,68.6855991489477,48.7482329326848,60.5740236320236,59.2876592399617,51.814645313006,42.8213286939737,22.2929224504511,135.199133875185,54.9432438562608,53.5170605692922,74.9767028069031,121.253937890455,57.301061553853,57.2902509122716,59.8342044020179,36.3296694614448,184.692811485818,72.3855433638566,71.0299596644056,56.8661780852398,67.6418397077517,55.9450912056342,47.0396736321251,42.5019034466189,36.1687968528282,167.312685065246,57.7243998005069,56.4542838756854,0.109233288042394,0.0164970407594897,0.101159031832512,0.0594631263409827,0.0411407677324408,0.0651900427839911,0.053523122838191,0.0668840581647012,0.0663862952571639
0,0,0,0,3905.25917874194,3723.87066457017,7010.00088876978,8533.11157639653,4049.12633981564,6908.5558054792,10442.032001294,6284.06543581347,6049.67659996075,67.6873309001919,63.0730340075265,85.7256143299202,94.1888881747661,64.2682601595855,33.1511938534277,50.7735908061825,69.7853126094631,67.433205340033,35.8105621033305,21.671608152724,74.3881573099367,69.6352320051343,47.7368866986865,26.7187547644227,23.9542754238836,50.2421003280369,48.6484344819112,68.4590897883798,50.5801279548748,81.4086071563214,85.590920570037,63.7383532295775,57.4366802239563,44.9593190724419,67.5315298743933,65.4557646729628,47.0154273110784,17.4765757985294,69.4555246425431,59.207176852588,47.0836098545396,47.2546329962021,21.5951906011041,49.0560686364575,47.8244661757257,0.142809264570065,0.0243174851975975,0.149448148480594,0.0832715305726563,0.0460247357699004,0.06449394270787,0.0384962795191173,0.0846631351774918,0.086878017153593
0,0,0,0,3902.88597376465,3762.25580757296,7088.74916819416,8651.19715005562,4095.45946583239,6988.22669213412,10511.2129675829,6346.68260747049,6108.46595699838,28.8274314947526,95.4237836851664,68.4799448559421,57.0684585978095,83.8981864259642,68.0691829899658,57.3190645817324,70.7880130862259,68.4809281461336,30.1502239419939,66.040360797853,35.9129396856301,25.1172375968647,58.4199738789701,32.7652807581816,44.9443994458845,44.1161267443,43.2339652492752,23.0140114038163,78.2358349598618,68.6412653756659,60.5124974014028,80.5959764443538,65.9903383456966,59.1869626288208,68.042214946069,65.5904350177592,19.5977498124515,46.9699022190942,34.9077619005537,27.5810773578155,51.276132238234,32.6474651122339,56.4326788937089,40.7820087571438,39.2407096432564,0.0856084625870775,0.0665356083201365,0.0630175308502612,0.0620011552219942,0.0646159027818227,0.131186981098762,0.102268138052523,0.073781581872159,0.0750314242700112
3,2,0,1,3947.33687884355,3760.60155329125,7116.02891301241,8713.53291454472,4056.36687517958,6994.60742486201,10256.3895675471,6332.6367010794,6097.17260286385,87.6310780568439,160.287466321627,127.253238328889,280.434597183949,151.628895296018,167.633721921942,387.864659683311,188.56893102364,180.640858623735,38.7810442451431,49.97468141491,88.4133804498603,105.184810413191,102.676638027573,107.743159944932,284.326311038299,103.427518623663,99.735503770327,110.406615653859,138.782285914932,123.969266752287,262.88602038814,146.426271118488,125.379594330577,339.203454821692,173.759701098712,167.541109498151,51.7150521482769,79.8211170194076,83.6681033041234,100.789495715119,101.148080287151,101.247356502364,284.310125084976,101.130569052211,98.8892849930252,0.235339995498647,0.515301307294065,0.136625728466825,0.370036909818055,0.330271468745096,0.410804492272467,0.465126855514076,0.302458506946643,0.305795992049526
3,3,2,2,3981.64402697337,3637.24645109007,7066.9256557102,8593.2526961657,4052.3801167403,6934.28696126056,10435.7701821161,6306.81104170044,6071.06638617129,42.1153399826335,42.0686545596363,91.7058242890156,150.796682890431,75.9024584654368,87.766455038152,111.109811890201,90.5111524145641,86.9518294032448,15.46752923958,19.6604043288429,60.0699301561082,49.196947945625,62.9506083657753,24.9283502851148,47.0694279265399,48.8439651828503,47.5532237010462,40.9474459778319,40.8353339543453,90.1686810506359,145.167853679142,78.3025109467524,89.3400076636287,100.520479282527,88.7960260384429,85.7241031299879,21.7368093579709,19.7984117474193,58.8438623409405,52.2580536804516,68.0144276486396,17.944340947552,34.8334743273805,49.1540154174694,48.2417897438306,0.287075784237131,0.223777448587025,0.291284517975653,0.276156391606926,0.230875319550609,0.197035966250554,0.203484647263431,0.251920411991709,0.252535729633243
0,0,1,0,3915.75359572035,3639.58729728632,7179.42877521716,8736.39925748263,4069.19755083675,7108.88842950028,10501.3579958542,6370.61858815144,6130.16600593708,67.3245692058531,92.2817332351713,73.0209995207083,77.7780978406918,76.5959775194598,82.0309799089252,90.3107641716314,78.0919160691749,77.0090698889022,53.3554219864661,36.1604906274975,65.0799375992485,50.9592301090655,63.8629834788246,84.1577934637641,72.1562936855174,63.2036592788266,61.9702255936874,64.505941547346,85.1844663418657,72.6821321927685,84.3327968364332,37.9969764941387,72.9472123909903,104.824257265345,67.0232090925578,66.5437449041787,50.7449340033256,43.6033867241059,63.8504281168751,63.4729895781754,19.5731243734193,65.1821310822182,96.3077191861661,52.7058462800496,52.0545690252336,0.0730908950198739,0.0445322165247798,0.0248814961355438,0.031396727734327,0.146087803171601,0.0468444530608192,0.0495699652438779,0.068263592233879,0.0699497576442908
0,0,0,0,3892.95613723656,3773.08946203338,7206.37478821948,8670.54486433086,4056.96021778852,6965.27382123056,10467.2999912887,6365.22938486282,6125.1439746926,54.3896198737133,109.468916042545,77.838885952243,107.398646564904,66.6018462684775,128.020618339356,119.092216723745,89.5102697665566,86.1084119397891,74.8933985692663,79.0077791821028,69.457348850218,103.715996933713,54.5494661105577,142.291117953557,99.1403576579056,82.2831649472639,79.1858697466388,38.8603147015403,88.0793189522843,77.4992570665714,89.662159524751,57.2731540513874,93.8853952246986,122.179823197264,77.6124449704029,75.2978244604084,57.5505441032214,52.9942695829869,67.1159724287743,78.9584222635572,44.4754723159094,97.4337584011077,38.1714559278247,63.0444634801003,61.2159418123764,0.140465867003171,0.177381360275104,0.074274980892988,0.0456350548352389,0.0704223863002583,0.103372250267738,0.180066387526606,0.0902215209076265,0.0930806332317434
2,2,0,2,3970.29215797926,3790.20179039784,7122.28518837876,8590.66436385865,4044.78860794883,7025.84569839503,10508.3474568012,6344.91091855298,6109.80868987969,81.4252616483384,79.8677656852605,79.8200687481564,83.628877953778,53.1419009935807,118.746387452412,128.051484235728,82.3280531789136,80.76958313188,24.8588541316573,66.5007938955754,48.3646867962313,54.3043831095338,41.2127634252167,73.9653723468434,42.7056523935009,47.8637732929428,47.6464009296322,71.4341097682183,79.5809835032654,75.8369438100264,98.9645252557438,55.1627064656389,139.88107369414,130.110649677085,84.4161475684663,82.2628287115505,21.7997361734794,67.1986671673102,42.4242513864074,84.6580788808329,39.1524345662624,94.7977506065382,31.9990978261031,50.4060276131275,49.7671791574151,0.176953268767591,0.140068464868278,0.158996609564318,0.181953274131937,0.152040838713144,0.125782195559614,0.122361186229335,0.154648053583293,0.155410833071187
1,1,1,1,3844.07226092194,3744.44909088084,7047.12096403283,8483.94897293755,4058.45848932216,6933.11896186027,10478.4534213057,6289.67715010146,6054.10030439156,74.407559288967,113.81871579956,108.403242021525,103.064829677158,39.4646725020561,47.0539075555859,137.33854497209,82.5240268549929,82.4122259389419,79.2868832401067,28.5099616004251,66.6175178666332,89.1190345356687,27.6814843111016,21.7861411516446,19.2777163167454,48.2779015181632,49.138202237388,84.4992050950334,56.8518257941803,104.863490363757,102.643603689903,39.2811880359311,52.1658372398975,66.640892606594,74.6635066099926,74.0099597792707,47.9804098116375,29.5494109010798,67.101639669497,96.8848754830704,26.5581904255424,37.2654742171855,65.4905612242894,52.933383867957,51.9920369035475,0.257537976193717,0.245426718276092,0.261789588888473,0.0514688622719995,0.0357100282658662,0.0823264650062456,0.140417142859983,0.137671281401453,0.143100247199701
2,0,3,1,3817.99472460013,3695.87123620194,7170.53434084917,8493.19847345142,4034.05905690506,6994.9686273598,10428.4777751688,6308.58028218321,6072.67969045161,67.446316466266,96.0694366582276,68.302112944638,82.9704698575929,50.0459367837148,150.890599198003,67.2714280622742,74.2612128936126,74.7608911894003,57.8696054715689,65.5974917642826,46.2009847697604,31.8928982790338,28.0559207936194,73.3647467738935,48.4741320985814,42.7283637810733,44.3350034179013,85.1154583128937,74.5574113211004,69.733410043086,80.5418949523012,49.7681656465735,118.847348839935,80.2008618219165,72.3282159260553,71.7354798478642,72.7730582926578,45.3315808493818,49.3993738897431,26.4020804975076,27.0784996846639,58.7237663003643,34.0620551818976,40.9664617031219,42.1915287651548,0.141752959864295,0.343848920432134,0.131186471557351,0.0684993485660532,0.0372871034632195,0.0848240816653732,0.220146934841344,0.109086715456238,0.112792459163064
0,0,0,0,3864.49780420592,3749.00775077609,7077.82866268923,8550.72722409293,4067.54308024198,6908.4163067988,10363.2536918313,6298.96081119979,6063.80611158594,62.3261866753415,124.818195435693,61.2063395084432,32.4338461057945,43.4430807123916,153.602715409112,177.558204093695,74.2128372437085,72.2927442527281,37.1588659501593,51.1912755714292,56.2416418057204,29.9427319374241,29.3033800366263,119.389849366993,100.725066496023,51.2924525715725,49.8013885817515,45.4388691660739,111.388833221799,61.762091523512,49.2979443358298,36.8729929929947,146.053485722226,200.263836663162,71.2972623503489,70.1673123966674,51.0651381450219,48.5147362364269,54.9663346158094,28.1248349288402,23.3657865902289,129.011656289485,116.761844241764,51.5762346382141,51.097112013567,0.119373963870162,0.140111633090158,0.0465895288240439,0.089455030191911,0.0814778144805441,0.0471067243062625,0.130728996143922,0.0790580153410926,0.0829969359198682
0,0,0,0,3982.35167795283,3628.24941002018,7029.97294787798,8582.73952270709,4063.17274072053,7078.09521579516,10425.6764419134,6311.20402796712,6074.57122328158,21.4369169786626,54.1991305111875,59.5802490928911,110.836026804877,69.2385787433856,184.865794055082,144.296844242821,86.6206556091771,83.1433985414966,32.4663693006851,33.6208603810888,71.1427072535158,102.859859664802,56.8643237152856,122.504726046671,113.315496617302,73.8402938850539,71.0749643036084,27.4946241104569,53.3609625626197,61.7207437668741,68.9441752491425,66.2758666242265,182.138011930077,140.433110556366,81.1449742939328,77.7941910546058,24.0739437269029,33.1222047095526,73.109996094105,52.8719441920275,59.9937212336132,116.021900191806,108.109069776109,66.9177114561688,64.1206312622026,0.0355891330133835,0.0629192481775772,0.0307855934500616,0.0931171041888957,0.0486828253904228,0.0500285590864225,0.0533068527600239,0.0505769555986804,0.0508130106910856
0,0,0,0,3968.6325368024,3647.74913832624,7011.10747679146,8418.46093725066,4039.1579482002,6993.02819794466,10395.798336239,6262.40221176079,6029.30307773891,21.081119551363,68.1084159613479,75.2044499299428,148.136261187545,62.1019436466535,100.691469008859,116.597537222083,86.3180562467378,82.986592264531,24.2473573345275,48.7759302057737,64.2531213987544,138.774552827679,39.1144563161939,71.8211761471585,62.9578605144738,65.3226559513213,62.8083724071448,30.8945838902164,56.5025676930533,76.3853078184106,147.18811105045,57.009166556737,91.1444405337572,130.568743946356,85.2859789854697,82.3425152944104,22.5655133907089,36.4512688258623,66.5543045108608,136.812651909131,35.6244685726903,68.7921027334622,61.3723334737006,63.3791602086711,60.9785936924866,0.0666736670656049,0.0823017209166599,0.0587838130729124,0.0625490197431377,0.0614889169595737,0.0620101606154048,0.0885913283311416,0.0645226034578773,0.0649263426300414
0,0,2,1,3901.65128877735,3748.7996793901,7072.58818683768,8509.38002384854,4072.23163832215,7005.395304766,10412.6149067357,6310.81270612112,6074.10932185159,87.1945154646958,55.536905450753,75.9160512280219,60.7147928126431,62.8565668678644,126.172739531641,48.7153284888357,78.3925689263792,77.5125132000384,28.2693762946838,29.1929950448482,39.9772805815719,40.606100196772,45.4222087756627,114.80931305352,35.3516670865749,47.9973421119503,46.6110454223232,64.0407003658894,48.3634208037947,72.9250158466611,58.752143412079,64.1763999817644,60.5715782225425,69.0459705510228,70.7675762987649,68.7340142415762,7.81879286134536,12.4671837659352,37.9524570176097,49.5635201756364,47.4434108039253,61.0560677415535,12.7476866697559,38.7919657424738,37.215064412051,0.090800945118346,0.232675026507386,0.245328440437187,0.149307284131774,0.0769374409176256,0.116600849224601,0.152602466230075,0.149959428000248,0.150367187435523
2,0,2,2,3969.11374030612,3640.53580335268,7120.60733745131,8583.5147396344,4064.90313676129,7042.56316578586,10438.9116481185,6328.81276083241,6092.28356017364,38.2046770800738,104.619768114206,38.2033882010337,79.7516920463182,69.082745232868,152.527079542125,290.772791276242,90.2245045178464,87.4645733471016,20.4193641037156,20.9973118088394,27.4359666623688,61.9195415305511,60.4351192678813,82.4010534275293,93.394905459698,48.67063265221,47.533500211008,35.5372017880878,109.303136555226,41.0564480649362,85.0122225223651,48.6526360552048,122.355103786428,293.29674004865,81.2030113552411,79.4292863994578,18.9241054879921,17.8971876280093,25.9868947741796,70.1196038548188,37.0233531267437,46.5380484432874,108.232333661315,40.6119848395685,40.1734255078416,0.221900040274054,0.24552513018051,0.203431702813824,0.220206905124351,0.357569243753694,0.262567651689686,0.234957621494264,0.261115669678043,0.261048203044213
2,2,0,1,3980.16464913511,3673.02903233651,7045.52235141363,8570.47802512386,4113.57454692314,7109.66965829112,10340.4275344587,6315.74811324362,6081.90469632115,83.9327168787672,67.2235002624373,87.3189748611141,83.3897846145032,46.7643469153847,63.8788686539527,81.23050196621,71.1191469557365,71.4216759374359,23.1454779308022,46.2283427611077,74.7186000865462,52.9497673737108,25.7753648204712,29.4765729725643,18.2447931624382,42.339325789387,42.5219930571902,67.345410846443,42.1154797314935,86.1219804459796,82.8891093294426,46.9206429580321,77.1245050226244,117.776576820449,70.4177378109796,70.4588142521818,30.0803669331205,35.1534713094618,75.4336872194278,53.8310472117502,24.0462374798894,57.5272711985409,27.4704766340872,44.959692956301,44.7616084031732,0.252878110012077,0.13615225491464,0.119126359997445,0.0923351022158658,0.110748773106912,0.14459624190141,0.142440721336108,0.127324420739356,0.131839639459601
1,1,0,1,3966.04181333029,3835.65640005574,7056.02283242238,8462.96319126685,4068.54997778857,7025.19918992839,10210.4630187617,6288.33604572956,6056.66985680855,50.2422395515553,32.1152371674175,85.8712122698507,165.412141541095,60.3047570467692,104.091859491713,159.30699292736,90.2023813191957,87.5674845388362,39.0671141202036,34.4132902554628,67.4158229101343,147.640301232457,53.6746954381057,122.166120145368,173.095645779527,81.7333615170357,79.023737761326,37.6089443202626,35.976177119363,78.4637354596891,135.199989957785,53.2164970265639,126.384918805641,171.603614153168,83.8526725407564,80.9686084241148,31.3453572647956,32.3936855906273,62.4106234078032,108.356202160176,44.3120630723333,132.331421613494,180.324604933396,73.6044033335971,71.0617333726924,0.121316956393659,0.0741270950087606,0.146678462359377,0.140500877358975,0.0825711221851165,0.0944408649460679,0.0875122375733104,0.11181018147668,0.111441479060188
1,0,1,0,3967.37231928961,3659.36299117933,7073.91279555389,8546.05461780986,4086.99663409624,7077.36094712807,10290.2133115257,6306.6455395833,6071.38015872521,28.8469990974584,47.3868973963839,102.539716805649,92.1974798381686,57.7644091402489,46.8681452424413,102.178944567028,73.851591330181,71.0980230158361,35.9265618221577,58.0397697671203,68.1897740430533,60.6473300944602,39.8590577385785,22.502444047208,77.5273089794569,52.6536504675034,51.1317205052644,22.526764204004,47.7363258708792,106.684911637821,93.7542378434919,52.2546607390507,51.0325059880724,107.611656278927,73.314978821747,70.9459525963275,28.4823794406498,50.4285899850589,75.3652398752235,50.3094834160205,35.7781177521775,32.0791849911685,86.05807894549,52.4909550385363,50.6590680047828,0.102454233283608,0.0619375427767033,0.0706217633978235,0.0323853499711883,0.047944145037217,0.05688884088887,0.0566501416997879,0.0566786951428657,0.0598533101185028
0,0,1,0,3809.02459101877,3630.88902593492,7072.82905270482,8459.32146930113,4087.56588777078,7036.46253343301,10398.7853233167,6283.84264630311,6047.25907025194,96.2403440604083,57.7841783544407,79.6883589618854,100.935007460128,74.4058470822705,60.025418033881,58.6003214533521,80.7487269718045,77.7578278299391,69.2842301173648,39.4800057495193,61.1579633858197,77.666279166231,59.8372551700477,39.8048306544389,25.6760875863852,56.0849596978821,55.7768781295532,40.0002978148706,55.5969840524982,70.1571389571037,102.208255699602,47.4400579417527,69.9798768947496,65.8024875244573,66.0331144942441,63.5910873721892,36.5356683372768,54.5777550310282,68.0471125417919,88.4039066964572,31.8609366902678,71.023261832791,63.4352196785678,55.8074823505322,54.3015249901724,0.199762480359615,0.16444978225852,0.093784899583581,0.0278447587333194,0.14171973114477,0.116473475026685,0.153784444675702,0.116434956023019,0.119075674040198
3,3,1,2,3913.12447317188,3607.32119007333,7118.6067913684,8411.92891834575,4052.57154430689,7059.08167104486,10127.6755485525,6270.67475202722,6035.76700059351,55.7137390358466,159.556951334022,103.528317473463,185.653556767854,169.925092184144,70.7105537535897,341.60549068927,156.797689783015,152.644792765221,36.7416641711958,158.829252770588,90.2752808951391,156.787440241344,141.0237593391,84.5429413523477,338.050176665852,128.267625776982,125.636953446115,61.2150162417049,147.297433512124,101.752983018007,194.702724232251,154.565490528869,88.6202311893019,419.924534444656,164.499893366167,159.363453164283,36.8807526521394,144.197480787464,93.8418895187501,149.335762947917,125.995356381719,70.452735884411,392.505780993758,126.075965585423,123.496049739739,0.172797955356298,0.369389591494848,0.107712258917824,0.523490006485796,0.280176973094984,0.395296269183188,0.394936562418521,0.288185405820592,0.287503884341485
3,1,1,1,3927.69361444378,3627.05107409108,7099.12666985411,8465.05339045091,3997.05877886886,6994.09653655194,10316.7893668694,6267.31799384453,6031.50380517531,44.6819221801483,159.78292947191,90.355908631296,161.681193685133,62.2305917147637,257.4240889861,355.074681347572,134.7276648448,131.028896668034,35.543564311865,72.5492667299713,79.9297998567391,68.4534467992986,33.227599293412,181.821638877759,128.457477326742,73.5455402780382,71.3025995418704,49.3577089251546,98.0626874319411,96.9852592661896,145.880218233429,57.1709443653101,259.676217944217,299.316461038152,126.279550888942,122.844623832551,36.6633617302244,88.0956948930264,90.0310016662097,60.4247170520127,29.2214745656371,177.15224710409,159.59711242249,77.4073257166877,75.895233435144,0.0760707835530186,0.309366276333795,0.126698707547113,0.156479750221435,0.418639037642364,0.274809306344936,0.287760844310378,0.257069050754967,0.25279357004982
0,0,0,0,3816.62657302018,3678.12474748727,7092.4065231761,8564.05538212599,4028.45095093524,6968.50074957919,10390.2284580569,6289.7658654697,6054.70776252941,48.7432073725464,132.75922930296,76.5102655636627,55.7894185526312,55.336411180929,62.3376180654543,180.809180803101,75.4281684999077,72.5374583844285,37.7098936191248,59.282502667901,66.4905093151615,38.0943563274014,49.3367571134783,54.7188822801968,78.6531533930899,54.9069957799645,53.3174343769587,48.5369708008773,114.014745670604,62.1182921609702,48.7847957929308,46.4547744795325,84.2826193209365,115.794233977772,64.0195267909219,61.799965809263,32.3607080487743,62.5131386471901,54.0401420421781,36.6414365796555,38.4174374685627,77.7180964333741,91.6821774650877,50.9834903901679,49.178040446303,0.0242106028233425,0.301117977870898,0.0702516299894575,0.0496590898744476,0.0580376182112309,0.0618462087985208,0.18053225482499,0.0790338907098454,0.0824939356187397
0,0,0,0,3853.86959236412,3726.46659388859,7116.21172280433,8557.77597704005,4027.24474429084,6965.97353374108,10386.9686985741,6302.5951408826,6066.61600170655,40.9608966388525,56.023073691138,82.8258345593707,47.2512456381245,42.9902388225258,67.5568910513583,132.434303105938,66.1779716875612,63.9287406822463,26.2471053973835,28.5885062621546,57.2341263396916,42.0894139903112,34.9541946564327,60.2267323585271,124.02456016062,49.7169433321218,48.0962943717632,47.2112857274462,38.6233044358994,88.5718281474153,51.4552950279403,52.307232137467,59.5823528786215,109.497198291364,67.5846899464746,65.1358558878604,18.2447471311228,24.918696005633,60.2670392474888,44.4096808783134,45.4625999972027,62.3044371332473,94.1732905994635,51.1487063915138,49.0358797791879,0.0853811086317827,0.228685652270317,0.109094943504633,0.0885179180162366,0.108386529890894,0.110356568927138,0.141768405396361,0.112130945928963,0.114642361105025
0,0,1,0,3920.88289784647,3849.79742220838,7125.03516317424,8538.03941147654,4064.91336306524,6878.37896288175,10561.4464137763,6335.73900282145,6100.4398917456,52.3016704489542,44.8260120177538,93.4375723761277,86.1134904464331,41.3388029216357,94.0856153260281,195.711020717821,77.9088343391389,75.2340324944466,35.293821744938,27.2576346092982,84.7953432544545,53.6456842946486,33.1462227160838,41.7813824170402,175.460783152079,60.7289825189708,59.284113793567,49.0691043650789,42.4308587408953,86.3966183943861,92.9195824123453,48.4146896913651,81.8347782013483,176.13401567487,75.7063480174006,74.148326441187,40.4630449995766,27.9963965606086,69.4666798250411,64.5850066009283,47.3482005295773,31.9196644305807,137.575691335525,57.2152158926674,56.5221013064231,0.0617962928555194,0.0602227727584943,0.0987959981425013,0.166188399528267,0.102694672827722,0.0677167253229145,0.0718685047402514,0.0997806760339357,0.0980611431221896
2,2,0,2,3884.72477662121,3711.78389933363,7048.67085016977,8512.6457360743,4064.55464026465,6955.95572327449,10380.0458529117,6288.83047644964,6054.6224129932,37.9885779855938,97.1093035201838,62.0912421045374,115.590636015174,63.9555948334699,74.308525221444,69.0577095449704,71.3548346476442,70.3595693583918,24.2396749749869,60.0331682084647,38.6004288326056,67.5675675970224,53.2318934609828,27.5726146700923,36.1566165941182,45.0373490656207,44.8963522201858,52.353191487847,58.501512441909,62.9840973728432,126.580597500997,61.6408800518855,85.6316534316887,72.3451341864823,72.6780608250451,71.4945094704556,28.9202114390472,46.5811705297813,36.2087428527882,66.7863170900641,51.2971099558456,32.4038944799344,31.7977741345504,43.7400835107142,43.6834798645833,0.196058431550739,0.268778862268972,0.103422419003019,0.108895151378446,0.135919218749991,0.155940533263557,0.198172813816133,0.14004783847318,0.146442591052713
1,0,1,0,3866.37144131105,3707.8378397673,7041.61506833541,8589.37242003168,4061.7744818652,7005.14143162407,10361.5362639926,6298.23376699109,6061.7073324516,60.5470599692891,42.4426696379155,72.5418940108036,95.7980439962986,56.5237384988015,52.6313141666139,60.4437409851772,65.5921119158426,63.1851026618579,30.9167184843659,25.2879928801219,48.4912717770775,87.4275862842405,43.7354811215894,33.464871587851,14.6479082426317,46.2005206594935,44.7074757603988,27.4482390735024,143.296258326239,67.3919623548712,93.1974148080362,54.3164734297585,76.4301036745932,161.093322570348,75.6227352456694,74.3265965356074,24.5793113757077,52.9944759280259,48.8098677361776,86.8976760309751,41.9044906552207,46.9694903848965,29.749965161132,48.3149401523406,48.0611468669702,0.27644328268156,0.144889911578796,0.524696054372774,0.154050814489347,0.0981339396251771,0.0806852921886418,0.0966474888545817,0.236539379512861,0.239093791131254
0,0,1,0,3821.29828081747,3751.03753174918,7056.2367652219,8614.86827835959,4052.45970739274,6908.29701227446,10394.5754268042,6291.69268168639,6056.3289264773,77.1254384293711,35.3911533742737,50.3855164680151,86.4100605337431,47.6269437153249,89.1546622697165,61.5239288117573,61.2517937890617,60.1171015202155,36.3042955492458,18.4592855614934,36.1796836976012,51.2303581336906,39.2653082238382,67.997120755249,52.7406077207285,41.7585233205982,40.9658463986725,64.2942732441118,22.5311357971285,50.1253269490479,94.3609319955247,55.478589209711,89.0721511618875,67.1395192506118,63.9367657982729,62.0017185121524,33.424109853733,16.9053685840592,43.882557606034,59.8976908403788,44.3594091631463,73.320034904619,61.5714845919197,47.3428311328614,45.8096834619114,0.107712546336178,0.0526424927430424,0.180537184124938,0.054409249520659,0.0441633620318303,0.0149671846009323,0.0410748224000047,0.0823185348675878,0.0834688142524204
2,1,2,2,3801.79651586396,3848.42441779966,7038.827049711,8631.48770331057,4078.62924580086,6903.39491512714,10421.3654816975,6305.97527955129,6069.70225511816,57.0325861431085,53.4856518814285,74.7530857551426,73.9703328167113,72.1891217439876,51.732690963726,87.8392833072407,71.4111653424362,69.9926232403503,20.9226678743849,23.7669822377445,48.665234564704,30.2586557157294,59.151355761449,15.949383464589,48.4317841364743,42.3067418502041,41.6465748077034,49.6358463746335,52.1558762982095,71.5182115668481,66.3964608096486,71.9333446879715,49.0381244339763,88.1365667913425,70.095409485492,68.0203937965209,15.7043964239281,20.9351714137857,38.274859205851,28.9770897003065,57.8801038302875,16.9304164713675,47.5490569000164,38.3670282247721,37.5914409019107,0.201915648129532,0.126458901516354,0.0982384247191035,0.0843434396766966,0.10239814630365,0.109927580645856,0.112381099749723,0.106642785844514,0.113082119245847
0,0,0,0,3932.47669457938,3804.40602463503,7034.09067369635,8568.1587020041,4045.67780312271,6922.02533758887,10483.0936293181,6305.57296471779,6071.16883422397,32.7577943403615,34.2271007240796,95.8498538380821,78.9419613412862,38.0725720219153,57.7866045063081,47.3516819611975,63.3516833436048,61.4746071567754,57.8316966235654,50.7415655908441,57.6996487046792,97.341589658064,22.0747426864087,51.3541901620438,39.6532062248157,53.7891290980755,53.0241269120565,30.6944046795404,35.8108148421497,92.0787971199719,68.1693166854686,37.6227414591766,58.1874747512715,35.0790969537692,60.3606193770801,58.1562474097583,48.2145451603984,43.4954381034103,61.2434797429215,75.7158377915435,21.3418935943493,47.1413754175878,28.8433108043313,48.460706408555,47.5898750353168,0.0621696370388861,0.0299793560846018,0.111472434140354,0.0423797983694018,0.024814033433837,0.0116262391983612,0.0170016191603072,0.0514954706287638,0.0514273998938598
0,0,0,0,3836.97123469238,3717.54291490171,7024.06143197122,8493.35528717434,4077.88326536706,6933.35836554812,10420.4636419986,6282.39697824295,6047.89332513855,89.0675338814275,39.0179858844125,90.0317051720697,70.5774572813137,47.733353622671,89.0820912386841,130.731036913598,76.1132755700934,73.5069663580129,43.9304228234828,65.5197968824157,56.0031928457909,60.2595950166037,34.7299479120782,66.9721043155221,123.282238874485,56.0077156535614,54.4432546336087,41.3790647124337,33.486408184175,84.5679899723912,99.411601101035,47.6515715573394,66.6276058421441,116.722862214662,70.5635264845656,67.8707530585565,27.5276343990898,61.9109188813721,60.0441179850707,88.1104439761518,32.7357186182797,44.2085590648079,111.03936852932,55.6196458647129,53.4537946973068,0.336839808681953,0.00703991896166917,0.166846315912988,0.142489686847237,0.07743501545424,0.07284963921642,0.0311792211543718,0.120454435192913,0.127918696540695
0,0,0,0,3881.68548341435,3746.56192951244,7017.78920740428,8475.01534144706,4073.56612849913,7020.28698820226,10445.7700344775,6291.9693119024,6058.43558752852,58.7334781347852,47.5632101179912,58.1044582956454,117.684216906836,53.6285461924617,84.3576730230724,93.6647132626118,70.0425964386596,67.1211974391197,40.4747012473036,21.3920821011469,36.7591423908485,107.702888339213,29.1062038164163,39.8527664090083,45.510861003945,45.6548322937544,44.7241678684418,32.374625373437,53.4909522598618,45.5552446634087,76.7314096407616,51.7327234606146,88.2944034475071,101.480403447606,60.5264766292657,58.0173973322693,23.8599975338039,21.5587407405597,31.1005893314255,71.3817631970321,30.748724340453,39.1959400828446,44.0322816699633,39.2058560523745,37.7512247346206,0.311278473883489,0.00196981091482316,0.261598195366211,0.092755916443073,0.0575183095152087,0.010263021245234,0.00591586199899253,0.125189421435212,0.126914926215596
0,0,1,1,3820.70485205446,3906.66082783284,7070.16132711784,8475.30617979707,4073.10110493265,6971.04550782768,10470.8600560169,6306.71469533791,6072.197450676,60.2827785724974,117.717200170017,79.8381892117301,49.07664033294,70.0815740792052,42.2068167195557,96.8755778534583,75.2115672461969,72.4324304128332,26.4967487206395,70.1618409423824,53.5075443349071,20.5001591152811,58.4618167973272,36.8382598186579,111.834879531855,53.0771823828373,51.6286165808015,50.0511693954947,107.054977053445,77.7543898946766,43.3316839327441,64.8057347247366,37.5748926306105,71.4153307189728,68.4776320430196,66.1474784502437,32.2615298498096,66.6160354495678,57.176774748656,20.848765175747,53.5534961199749,29.0899229886925,90.5413743253979,50.6049139705285,49.3673039518426,0.168504322945481,0.068414557878409,0.385130556884471,0.0926380583987153,0.0934733322777903,0.0752299354768427,0.0721223463335563,0.168037923387961,0.165415543455394
1,1,0,1,3903.78734258405,3814.13760446199,7087.10010711563,8601.22772504489,4058.90900861076,6942.17357409015,10460.80203191,6323.82816625638,6090.46421904213,109.266800204042,55.368338383143,66.8128919822185,101.753184708024,64.013079116842,50.1355783331927,64.6235907707061,72.6958736129824,72.8133933812498,77.2800067013037,16.6797193880133,52.2955793223083,112.639234932536,45.0761573895815,38.9536819423562,26.8323919233848,54.723988851454,53.6497747469685,122.553380919331,90.1251511416077,69.2638405513417,81.939933170644,51.5093541512528,63.4562917273415,137.910677229616,79.2100629015909,78.6435739570219,80.8311282746996,15.4961358896562,54.9896840792935,97.0167167457328,30.8490919039722,42.7979235949676,39.6510499200834,51.2331527160857,50.1917232163636,0.190171863681224,0.237374615955788,0.0952629289524373,0.0677286894207932,0.0905173888618602,0.0728539759720967,0.157943569316296,0.105724388477258,0.111881691417227
3,3,1,3,3866.17333790391,3769.30277584165,7063.85751624664,8499.76398446392,4054.16580547063,6932.83525640504,10296.1866270561,6278.39658535092,6045.40903898896,78.5453526585605,145.499812861939,188.750775002413,284.274818942811,176.931424583001,161.582975762804,707.917608478254,239.54493234699,230.293574440592,75.2448483209687,176.055638635427,156.901260474278,137.420312816599,111.120682484912,148.282630815067,435.894266623944,155.812566214649,150.946241369979,76.0777817544654,177.34847187167,186.754059622909,314.051945344274,179.061630512438,225.083841139608,858.483399399896,264.873896556301,253.840621239679,71.3009881855066,157.840501619494,162.811055478355,191.828664117404,112.220050827053,140.465917167749,569.436260028435,171.897172933626,166.110320813922,0.317575243307418,0.970051141555502,0.198236231943262,0.303073507909056,0.267168771630676,0.65167991972268,0.807549526667921,0.372488332448113,0.382055169760472
3,0,0,0,3950.29963285052,3843.24983633181,6991.43506000572,8539.16162680082,4077.42623280309,6822.18919140627,10613.5160829719,6302.56340684759,6068.76086585695,41.3953324445749,166.380039360321,86.352965615419,96.8446838893399,69.5131384659911,138.786575588928,218.780214928465,100.945433231814,98.6035705115052,27.9387716173644,45.4513991225571,73.6740120684086,58.1776785355316,75.569932756525,109.72695481025,92.9056500574786,69.1756008109516,68.1494003005333,20.3110999727189,155.42408799968,86.1143656001369,115.233398050437,65.5480088302752,127.374571097782,214.958932854594,97.3026371999711,94.8565265805196,11.8908162405534,43.783674094732,73.7578611325078,77.8313252831615,60.4942021911431,98.9970093237337,77.6169072631072,63.3510102393665,62.2127661431747,0.171963951394448,0.106424711102088,0.157825455361626,0.137342470530089,0.133128757873354,0.0675884709006623,0.0848185276234497,0.13099728031818,0.132552858585355
1,1,0,1,3952.33144340442,3757.27329899375,7028.75360812488,8582.8137981902,4066.39109257495,6977.67193248912,10497.3966361025,6314.46042774203,6078.37706697118,83.969191044533,50.6526558353201,58.6608928311618,88.1831822862623,56.9583860290226,83.6528475630342,70.44013681111,69.706426035471,68.0050827051365,63.6471365082022,14.1158059713149,41.640642547375,42.2188488096745,48.8918554304402,47.9356088458575,41.2326104918772,45.0951064371748,44.1621600809254,74.9404170152989,57.3384516931454,58.4003487549773,83.9323330833126,57.5349314266853,81.4277809176319,61.2885124439121,66.6121999135303,66.1288606112885,30.9857536179235,16.3274452487215,41.8804352724534,42.8759102145872,49.3199409124239,48.152154989478,43.665710301292,42.1954708966867,41.1707463012045,0.396448670555541,0.0965318955350204,0.271793408711454,0.219981302151387,0.167982184332585,0.122321471374879,0.104388375994047,0.206442919438446,0.211340107763214
2,2,3,3,3863.2716937755,3737.38173492411,7024.21293522609,8574.78938639116,4052.08206768889,6985.65176231518,10469.5719294606,6296.5928532276,6060.34162096589,63.1117822377903,27.3409180643516,59.2242626924012,148.804514272878,74.5231803772419,57.2030912569426,67.4178694935118,77.0049089144111,74.1422268613437,27.4155163478977,42.4821015068315,48.3625489322793,138.996250069082,58.8022450526203,47.5412224545008,32.7903029110268,60.6630854604702,58.8206127382044,41.9442579732065,61.8491119216055,46.9110993021716,84.1289094698005,70.803772241388,54.5104729545097,55.5839269703106,62.362628894165,60.6630008468961,19.1779243268089,33.6285323191481,22.1602030812364,69.4024832935443,63.7439362076745,31.5437466060615,25.1960361510233,42.1522535536523,41.2979524758965,0.474256591656231,0.0923734392155384,0.412149725469083,0.358534529252017,0.16569774753836,0.061753400462402,0.0744876852282894,0.260277120222008,0.26406194048072
0,0,0,0,3825.52282895942,3792.39000847066,7052.7574771139,8726.26544870084,4061.80653582345,6930.97889271574,10540.0595937298,6327.5769171476,6089.90718562371,41.4444680791527,29.6356638367698,91.0787252289044,163.726868018069,62.3027681957908,67.1433505711689,227.937213710568,93.7948565815641,90.6214386267362,69.9633888672709,48.6565784966122,110.920147899732,175.655831446084,64.3053925132732,56.4630483617999,222.63193951221,106.646819479324,102.290092611961,55.9054143887932,30.0510223697046,96.8911443598979,164.831095065801,54.3171983232624,57.5743169651976,197.71760287291,91.4755206214566,88.1163897349732,75.0670929169285,49.0519251705105,116.439617047776,180.312649968409,51.3259745530939,56.4726621482146,214.298869799897,105.596176629756,101.198331417206,0.0966160857757966,0.0651166254863886,0.172286003659748,0.0394886428285813,0.0596048589859171,0.0123853104255563,0.0380761466461313,0.0835426808445274,0.0823969163470636
2,0,3,3,3872.49419694134,3838.9484198748,6978.26428267036,8607.30185060061,4096.43859020244,6967.22563685562,10459.793752604,6303.89597335841,6070.75957355782,90.8453561389797,22.427647123035,111.238985136817,116.468937425295,48.4684586810914,85.7651771817731,134.359779728014,84.9727782523432,83.3767971471105,71.5690518109356,43.678309351995,62.5060935264459,107.656773242994,50.9678054604445,76.4322298987744,104.51329762863,71.12251632695,69.6611933889204,48.7264415999215,25.6272434315944,94.3737459778348,88.2197428911084,32.1771835924417,57.3383598192942,54.600759530329,62.3292833297064,59.7089462099853,35.232570764724,20.6910539956958,63.0472572823383,69.7893380939195,32.1528323711251,37.1519164833129,35.8845659267144,46.8014255859241,44.9305686782267,0.222133120631158,0.224616424132251,0.484741197234364,0.179883105059354,0.0913736940644809,0.0825619967668109,0.111908756476878,0.226985628371907,0.225601458486165
0,0,1,1,3814.8245365469,3900.98293266792,7090.11855863607,8535.76188989563,4067.77187357837,6949.42934654856,10547.5311588456,6322.56889408491,6088.38883247023,75.8489666148854,68.3812509065064,98.3097498942957,68.8835866735358,52.9090439632656,66.8855470702881,117.495165378472,75.9891943128512,73.6102783581094,46.6087421514369,40.891188243161,89.4788215878061,66.1760122927013,52.5963360557545,59.4868694094087,116.562198982757,67.7494571635088,65.6846468475689,40.4851270131024,72.0796518520271,85.8521170125152,48.8063501273937,54.5124546436397,54.9437562590768,110.704875614206,65.41302399716,63.5737519274266,34.0961982813977,31.7139200730615,75.2236013263913,21.1231998419969,55.8717309197686,38.1568250428693,97.8205673861785,53.9111980130292,52.3390858427278,0.346701638468735,0.0882333697975184,0.160518921679079,0.160135963726053,0.0972466531594874,0.0763064427332474,0.0677478213265996,0.135782640599178,0.143363012041718
3,3,3,3,3866.28835779354,3797.56507167059,7113.60764711681,8520.9571125435,4096.98523157219,7005.56598132646,10483.5782122217,6334.03258717422,6097.81282279671,102.832994642438,119.388469039719,106.995314923212,90.339015797404,53.2327140441045,98.9880567328183,307.498871490743,110.415264763156,106.941077579623,33.8725805657198,39.1276258937505,54.8275268905474,96.1885781705092,36.6437070399632,12.4507720174754,12.8033147364413,44.4570383884645,43.8323618094437,89.106468383797,133.434507648277,103.796203210903,131.544727095652,59.4955865299288,98.9985441515046,309.730580979603,117.327852505947,113.382752132975,25.5760823798912,32.6325206216076,69.5516224689148,90.7442831440333,48.9261375955147,8.4821570361506,10.2104692814659,48.4014594998869,47.8659143230702,0.402591594943003,0.35868647354237,0.470640576386802,0.468836971132325,0.227398217774901,0.260520265126151,0.30637142723338,0.352402183299726,0.360266606926069
2,1,0,2,3962.40799375747,3684.20551847132,7089.66012175814,8728.62529765434,4029.08008669685,6956.01598909376,10441.2743696733,6324.32759877885,6088.32248671998,84.7513677156083,60.783116004269,62.6147674772533,229.865274942888,59.3630759403062,101.494989509851,81.1336203587112,90.5050315206095,89.1818913741065,69.8946356844936,68.2706455594275,50.084125016512,228.697864637427,41.9958410330533,61.6477198314966,111.949017339252,81.2791672777083,80.296693621759,60.0360297500666,65.1841171183081,59.6267801235377,124.241260103462,57.7169246455253,105.860863485947,85.6676586852908,74.0953300790041,72.3989706161535,43.5706201662262,56.48562433706,42.3492184368913,113.945579795318,42.3844635718528,59.7441495192852,101.626528190865,60.0088907011361,58.7654777361843,0.165727745609036,0.187318593597347,0.125854019703786,0.234802126341756,0.185224945566773,0.160850397310976,0.166107181507023,0.171706334663916,0.171659506068789
3,3,3,3,3869.40518497657,3656.93247188518,7031.11219734185,8512.4410494774,4035.45827415153,7001.48909547747,10446.2200451161,6277.19962840024,6039.70378230538,33.9829212545281,119.502999104928,109.497868403879,146.173137585369,56.575845545952,70.8338155707635,143.501370486629,92.9205595040249,90.9243838045078,60.2824170181106,76.4427266093189,93.8775690971191,114.256488567567,36.8900238968714,27.7951274859986,29.3918086153334,66.729149892481,66.8008168826738,33.5495507362232,125.384654140154,111.561270457936,139.309128350433,58.5508821223747,81.5882236308695,146.150627374777,95.5888207229767,93.2467824946142,59.3900592346933,79.6121915897017,97.8651342395088,104.784479644336,33.8415260652594,35.7301869328254,42.7553979061303,67.7874624365278,67.5906140391782,0.242382611087968,0.274002274937148,0.245557981430639,0.252239045781208,0.243295509643664,0.24754956135008,0.254018730110556,0.248011562168152,0.248117929880022
1,3,3,3,3822.17512533999,3763.74305766384,6978.42858933341,8459.66818161764,4046.76715824534,6889.32278042149,10372.2123351657,6250.31443941536,6017.27401395489,68.9655267923042,107.978743736626,134.672027004841,89.6396650417911,70.6724723282353,83.9007826497735,95.2164980438603,96.0261350066334,93.1682678239168,8.25743310667849,34.997028029278,74.6329294791234,44.9109817582865,47.1887577757376,65.0454847224108,67.479580957292,53.1467385650458,50.9528757417054,51.1642940220625,103.539063675271,126.352005945822,153.120666995678,65.9292863649807,108.18755776327,117.407063335435,102.662672328695,99.7247110278512,46.1824536643454,77.7167348334695,106.916077365529,145.948154350032,55.41822967462,77.2337935223454,155.419877876855,93.8070963901059,90.5283692702155,0.313220541896383,0.333989894091595,0.199324496559444,0.322780319047031,0.155051838033328,0.0988936749719756,0.202420317833857,0.207802404664695,0.21883826505757
3,3,3,3,3844.07495156023,3701.4581842528,7167.62728232833,8586.940295416,4078.71575100606,6959.50112451576,10492.1788021434,6334.05350857664,6097.17012565658,75.8421533726656,77.1834330938853,107.275283570805,105.858797875111,98.9535576528683,68.2402232597261,241.412820054661,110.208636644725,106.889205919839,70.2315405297801,43.3747822796388,91.7171299657318,56.6978281046162,69.4191579685739,21.1662083019659,65.2258158877788,68.1579707114189,67.5941866823119,319.626932283094,72.4156793366433,95.1834145985175,257.681954612986,144.907940452549,88.0301529127661,197.58054326209,157.782407325876,155.188255384751,47.3776462373244,50.0098196106239,108.109366823126,248.263078647245,125.307229130098,40.7444772518427,43.9527204021102,112.577387584387,108.469722729379,1.255222083811,0.571375952710941,0.93395473735231,0.993478167890037,0.617504586261463,0.398028127293488,0.435803310373451,0.762747696543541,0.780391138252008
2,2,3,3,3820.14926489849,3643.31208956934,7180.03186403848,8460.60627369944,3994.86335015757,6986.09026138448,10372.0023849336,6290.56854091206,6052.93834492477,62.7273863989337,64.4879610056654,102.822486364281,80.9908177367527,59.2334294202953,57.9613706766655,131.570769111728,82.128029708031,78.972682100809,25.0595875843724,20.4807521068482,87.3851439970423,71.8842057378797,45.9694389558176,51.9277104339762,91.3741327914862,62.854066868313,60.5908114531899,130.071671615812,68.7574497482567,111.881922187164,144.200981466708,56.2976509364215,66.5450486247927,129.662650432947,99.2350031485624,95.6938316614187,52.2178265874815,15.7526618270962,99.1432257421484,135.674685680645,53.8268089514609,52.4177588124813,80.1341994297076,77.6164395693612,74.956255132368,0.385108139893103,0.123100111466147,0.318052898457574,0.343853510504516,0.309323847218438,0.158549087026703,0.137188804664954,0.284694275898753,0.286008282358912
3,3,3,3,3827.66401797166,3643.63054700322,7238.53799492645,8673.43109062852,4020.35488780451,7074.65193029657,10383.7058162496,6343.81856392276,6105.57733829065,51.2576883131219,99.0712343651695,103.083855335531,200.11894908131,46.1097258832308,114.541558243085,125.884318271384,100.57806933166,96.252217623386,46.9302086925413,22.7719220170951,113.510373162824,214.150123374073,37.5516637022853,170.897867963682,60.2556394250112,96.4627106564969,93.1847926071638,60.3952153268211,92.5604076309332,113.864342639308,220.612345687412,53.4458551945397,123.175224537254,120.626993038463,108.600973129914,103.941096052088,46.0792111079351,28.6591045298451,136.716161776873,235.510774465882,39.1384371577777,179.333328215293,53.8312989909489,107.383311099135,103.224118510659,0.290188264401267,0.183546047490597,0.487760759394228,0.269564152350114,0.23767405147978,0.193350962541421,0.190089614478695,0.302081522339445,0.299193290479784
2,3,3,3,3834.20607911377,3684.07954470366,7163.81747350784,8444.57516115676,4017.41196102421,6974.85336164544,10445.2109833863,6301.53852543764,6063.51929008138,67.9006550530767,51.7834529246585,123.775051356721,257.294509283096,75.9692281363208,90.0865134737637,138.350994535386,116.196182524942,112.515598061123,33.7699608001294,26.0930864693138,85.3405500825638,254.965553659809,59.4304524655683,47.7569836087575,31.9017659341239,84.8340858625666,81.9458591710365,126.765553031778,66.4938687129556,152.272223771395,104.550428134103,100.897288817591,101.90054272699,164.289723913247,123.324665491621,121.245543069973,40.4662571708996,37.7691008050409,137.277507963803,74.3408603404051,92.7690600645523,38.5640795863896,52.0560949783615,88.2865594370022,85.2057225693419,0.383513315615063,0.203043161664527,0.512695150164989,0.822579036811434,0.325778464717067,0.223146858240029,0.19799883517297,0.426619272224088,0.422668020411083
3,1,3,2,3999.04248236952,3648.96625926727,7084.80956742548,8605.31592045592,4023.28582525688,6998.64409989871,10187.5278556139,6288.98813901847,6053.12350583119,345.246653574283,194.579049247727,335.252730006997,224.656099483332,124.123812669334,295.330344906395,277.629931286944,252.608656133985,244.798022161972,189.703999336484,129.536526971748,249.068198041765,115.906360584786,86.6146510702538,180.053664563944,287.130861147664,166.440156880498,163.777684421523,211.992636688655,200.607174323269,309.169920636836,209.67925873861,118.429879351057,258.15334432804,380.846360615295,235.107689996675,227.165987495575,160.752603697164,153.135001113019,264.106762604462,85.2559395175905,74.3000611044662,175.660223574119,400.134530701374,169.482166935142,166.864601724789,0.705682843400171,0.575242304667398,0.384681538012667,0.548987024930574,0.365814907192727,0.512352825507311,0.569369732465247,0.464007535787117,0.473026055441824
3,3,0,3,3683.50050431538,3766.49883051631,7105.30182799473,8617.3923194972,4046.73724404118,6883.26159819196,10585.4946740242,6303.06891904777,6064.01259248875,108.878587010125,100.749514370693,54.7741650009985,139.511758164159,94.3771743616058,188.36004177158,316.617633799445,123.634348996972,121.405674394428,32.453580807421,70.108792960028,44.5000607018035,125.672723038968,63.2769718322043,118.447409403906,108.012445377644,72.4647090709002,70.5215927251443,60.2932549646929,76.6369245155152,53.7170380345013,136.485085740696,69.3287006154126,200.223085414269,193.896705613886,100.996031364041,98.852054802928,16.3247450308905,38.7702790345718,30.2291130441379,113.990346197999,41.463980971955,145.009806761778,54.3918365535872,56.6042621817035,54.8832878370489,0.327101672867648,0.657409278785249,0.244961660017186,0.291534716570306,0.452157489711188,0.488221860802578,0.564641215021784,0.385340102214804,0.391002088563332
