<?xml version="1.0" encoding="utf-8"?>
<ApplicationInstallerManifest>
   <DefaultInstallationDirectory>/Applications/pharynx_redox_matlab/</DefaultInstallationDirectory>
   <ApplicationName>pharynx_redox_matlab</ApplicationName>
   <ExecutableName>application/ </ExecutableName>
   <GUID>86cb9e4f-cea9-42e5-a3d0-b4e5ec746da1</GUID>
   <ApplicationIcon>default_icon_48.png</ApplicationIcon>
   <Logo>default_logo.png</Logo>
   <Version>1.0</Version>
   <InstallationNotes>In the following directions, replace MR/v96 by the directory on the target machine where MATLAB is installed, or MR by the directory where the MATLAB Runtime is installed.

If the environment variable DYLD_LIBRARY_PATH is undefined, set it to the following string:

MR/v96/runtime/maci64:MR/v96/sys/os/maci64:MR/v96/bin/maci64

If it is defined, set it to the following:

${DYLD_LIBRARY_PATH}:MR/v96/runtime/maci64:MR/v96/sys/os/maci64:MR/v96/bin/maci64

You must have Python 2.7, 3.5, 3.6, and/or 3.7 on your machine to install this package. Go to the directory containing your package and the file setup.py and execute:

        python setup.py install [options]

For details, see GettingStarted.html, distributed with this package, or the official Python documentation at:

        https://docs.python.org/2/install/index.html
</InstallationNotes>
   <WelcomePanelText>pharynx_redox_matlab 1.0
Sean Johnsen
sean.b.johnsen@gmail.com</WelcomePanelText>
   <MCRProducts>
      <MCRProduct>
         <ExternalProductIdentifier>35000</ExternalProductIdentifier>
      </MCRProduct>
      <MCRProduct>
         <ExternalProductIdentifier>35010</ExternalProductIdentifier>
      </MCRProduct>
   </MCRProducts>
</ApplicationInstallerManifest>